model,depth,epoch,train_acc,test_acc
GCN,2,1,0.2631578947368421,0.25
GCN,2,2,0.3026315789473684,0.25
GCN,2,3,0.3026315789473684,0.25
GCN,2,4,0.3026315789473684,0.2
GCN,2,5,0.3026315789473684,0.2
GCN,2,6,0.3157894736842105,0.2
GCN,2,7,0.32894736842105265,0.2
GCN,2,8,0.32894736842105265,0.2
GCN,2,9,0.32894736842105265,0.2
GCN,2,10,0.3684210526315789,0.2
GCN,2,11,0.35526315789473684,0.2
GCN,2,12,0.3815789473684211,0.2
GCN,2,13,0.34210526315789475,0.15
GCN,2,14,0.3026315789473684,0.15
GCN,2,15,0.3815789473684211,0.15
GCN,2,16,0.34210526315789475,0.15
GCN,2,17,0.3815789473684211,0.15
GCN,2,18,0.34210526315789475,0.05
GCN,2,19,0.34210526315789475,0.05
GCN,2,20,0.3815789473684211,0.0
GCN,2,21,0.34210526315789475,0.0
GCN,2,22,0.3157894736842105,0.0
GCN,2,23,0.32894736842105265,0.0
GCN,2,24,0.35526315789473684,0.0
GCN,2,25,0.32894736842105265,0.0
GCN,2,26,0.34210526315789475,0.0
GCN,2,27,0.32894736842105265,0.0
GCN,2,28,0.35526315789473684,0.0
GCN,2,29,0.3157894736842105,0.0
GCN,2,30,0.3157894736842105,0.0
GCN,2,31,0.3815789473684211,0.0
GCN,2,32,0.3157894736842105,0.0
GCN,2,33,0.35526315789473684,0.0
GCN,2,34,0.35526315789473684,0.0
GCN,2,35,0.35526315789473684,0.0
GCN,2,36,0.39473684210526316,0.0
GCN,2,37,0.35526315789473684,0.0
GCN,2,38,0.4342105263157895,0.0
GCN,2,39,0.39473684210526316,0.0
GCN,2,40,0.39473684210526316,0.0
GCN,2,41,0.42105263157894735,0.0
GCN,2,42,0.39473684210526316,0.0
GCN,2,43,0.3815789473684211,0.0
GCN,2,44,0.42105263157894735,0.0
GCN,2,45,0.42105263157894735,0.0
GCN,2,46,0.4605263157894737,0.0
GCN,2,47,0.42105263157894735,0.0
GCN,2,48,0.40789473684210525,0.0
GCN,2,49,0.3815789473684211,0.0
GCN,2,50,0.3815789473684211,0.0
GCN,2,51,0.40789473684210525,0.0
GCN,2,52,0.40789473684210525,0.0
GCN,2,53,0.5,0.0
GCN,2,54,0.47368421052631576,0.0
GCN,2,55,0.4605263157894737,0.0
GCN,2,56,0.5,0.0
GCN,2,57,0.5,0.0
GCN,2,58,0.5131578947368421,0.0
GCN,2,59,0.4868421052631579,0.0
GCN,2,60,0.5131578947368421,0.0
GCN,2,61,0.5263157894736842,0.0
GCN,2,62,0.5394736842105263,0.0
GCN,2,63,0.5526315789473685,0.0
GCN,2,64,0.5131578947368421,0.0
GCN,2,65,0.5526315789473685,0.0
GCN,2,66,0.5263157894736842,0.0
GCN,2,67,0.5263157894736842,0.0
GCN,2,68,0.6052631578947368,0.0
GCN,2,69,0.618421052631579,0.0
GCN,2,70,0.6052631578947368,0.0
GCN,2,71,0.5526315789473685,0.0
GCN,2,72,0.631578947368421,0.0
GCN,2,73,0.618421052631579,0.0
GCN,2,74,0.618421052631579,0.0
GCN,2,75,0.6447368421052632,0.0
GCN,2,76,0.6447368421052632,0.0
GCN,2,77,0.6842105263157895,0.0
GCN,2,78,0.631578947368421,0.0
GCN,2,79,0.6842105263157895,0.0
GCN,2,80,0.6842105263157895,0.0
GCN,2,81,0.6842105263157895,0.0
GCN,2,82,0.7105263157894737,0.0
GCN,2,83,0.7105263157894737,0.0
GCN,2,84,0.7236842105263158,0.0
GCN,2,85,0.6578947368421053,0.0
GCN,2,86,0.6973684210526315,0.0
GCN,2,87,0.7368421052631579,0.0
GCN,2,88,0.7894736842105263,0.0
GCN,2,89,0.8026315789473685,0.0
GCN,2,90,0.75,0.0
GCN,2,91,0.8421052631578947,0.0
GCN,2,92,0.8552631578947368,0.0
GCN,2,93,0.8157894736842105,0.0
GCN,2,94,0.8552631578947368,0.0
GCN,2,95,0.8026315789473685,0.0
GCN,2,96,0.8421052631578947,0.0
GCN,2,97,0.8157894736842105,0.0
GCN,2,98,0.8289473684210527,0.0
GCN,2,99,0.8552631578947368,0.0
GCN,2,100,0.881578947368421,0.0
GCN,2,101,0.9078947368421053,0.0
GCN,2,102,0.8947368421052632,0.0
GCN,2,103,0.9078947368421053,0.0
GCN,2,104,0.9210526315789473,0.0
GCN,2,105,0.881578947368421,0.0
GCN,2,106,0.9342105263157895,0.0
GCN,2,107,0.9342105263157895,0.0
GCN,2,108,0.9342105263157895,0.0
GCN,2,109,0.9342105263157895,0.0
GCN,2,110,0.9473684210526315,0.0
GCN,2,111,0.9342105263157895,0.0
GCN,2,112,0.9342105263157895,0.0
GCN,2,113,0.9210526315789473,0.0
GCN,2,114,0.9473684210526315,0.0
GCN,2,115,0.9605263157894737,0.0
GCN,2,116,0.9342105263157895,0.0
GCN,2,117,0.9736842105263158,0.0
GCN,2,118,0.9473684210526315,0.0
GCN,2,119,0.9736842105263158,0.0
GCN,2,120,0.9473684210526315,0.0
GCN,2,121,0.9736842105263158,0.0
GCN,2,122,0.9473684210526315,0.0
GCN,2,123,0.9605263157894737,0.0
GCN,2,124,0.9736842105263158,0.0
GCN,2,125,0.9605263157894737,0.0
GCN,2,126,1.0,0.0
GCN,2,127,0.9868421052631579,0.0
GCN,2,128,0.9868421052631579,0.0
GCN,2,129,0.9736842105263158,0.0
GCN,2,130,0.9736842105263158,0.0
GCN,2,131,0.9736842105263158,0.0
GCN,2,132,0.9605263157894737,0.0
GCN,2,133,0.9736842105263158,0.0
GCN,2,134,0.9868421052631579,0.0
GCN,2,135,1.0,0.05
GCN,2,136,1.0,0.0
GCN,2,137,0.9868421052631579,0.0
GCN,2,138,1.0,0.0
GCN,2,139,1.0,0.0
GCN,2,140,0.9868421052631579,0.0
GCN,2,141,1.0,0.0
GCN,2,142,1.0,0.0
GCN,2,143,0.9868421052631579,0.0
GCN,2,144,0.9868421052631579,0.0
GCN,2,145,0.9868421052631579,0.0
GCN,2,146,1.0,0.0
GCN,2,147,1.0,0.05
GCN,2,148,1.0,0.05
GCN,2,149,1.0,0.05
GCN,2,150,1.0,0.05
GCN,2,151,1.0,0.05
GCN,2,152,1.0,0.0
GCN,2,153,1.0,0.05
GCN,2,154,1.0,0.05
GCN,2,155,1.0,0.05
GCN,2,156,1.0,0.05
GCN,2,157,1.0,0.05
GCN,2,158,1.0,0.05
GCN,2,159,1.0,0.05
GCN,2,160,1.0,0.05
GCN,2,161,1.0,0.05
GCN,2,162,0.9868421052631579,0.0
GCN,2,163,1.0,0.05
GCN,2,164,1.0,0.1
GCN,2,165,1.0,0.1
GCN,2,166,1.0,0.1
GCN,2,167,1.0,0.15
GCN,2,168,1.0,0.1
GCN,2,169,1.0,0.1
GCN,2,170,0.9868421052631579,0.1
GCN,2,171,1.0,0.1
GCN,2,172,1.0,0.1
GCN,2,173,1.0,0.1
GCN,2,174,1.0,0.1
GCN,2,175,1.0,0.1
GCN,2,176,1.0,0.1
GCN,2,177,1.0,0.1
GCN,2,178,1.0,0.15
GCN,2,179,1.0,0.1
GCN,2,180,1.0,0.1
GCN,2,181,1.0,0.05
GCN,2,182,1.0,0.05
GCN,2,183,1.0,0.05
GCN,2,184,1.0,0.1
GCN,2,185,1.0,0.1
GCN,2,186,1.0,0.1
GCN,2,187,1.0,0.1
GCN,2,188,1.0,0.1
GCN,2,189,1.0,0.05
GCN,2,190,1.0,0.05
GCN,2,191,1.0,0.05
GCN,2,192,1.0,0.05
GCN,2,193,1.0,0.05
GCN,2,194,1.0,0.0
GCN,2,195,1.0,0.05
GCN,2,196,1.0,0.05
GCN,2,197,1.0,0.05
GCN,2,198,1.0,0.05
GCN,2,199,1.0,0.05
GCN,2,200,1.0,0.05
GCN,2,201,1.0,0.1
GCN,2,202,1.0,0.1
GCN,2,203,1.0,0.1
GCN,2,204,1.0,0.1
GCN,2,205,1.0,0.05
GCN,2,206,1.0,0.05
GCN,2,207,1.0,0.05
GCN,2,208,1.0,0.05
GCN,2,209,1.0,0.05
GCN,2,210,1.0,0.05
GCN,2,211,1.0,0.05
GCN,2,212,1.0,0.05
GCN,2,213,1.0,0.05
GCN,2,214,1.0,0.05
GCN,2,215,1.0,0.1
GCN,2,216,1.0,0.1
GCN,2,217,1.0,0.1
GCN,2,218,1.0,0.1
GCN,2,219,1.0,0.05
GCN,2,220,1.0,0.05
GCN,2,221,1.0,0.05
GCN,2,222,1.0,0.05
GCN,2,223,1.0,0.1
GCN,2,224,1.0,0.1
GCN,2,225,1.0,0.1
GCN,2,226,1.0,0.1
GCN,2,227,1.0,0.1
GCN,2,228,1.0,0.05
GCN,2,229,1.0,0.05
GCN,2,230,1.0,0.05
GCN,2,231,1.0,0.1
GCN,2,232,1.0,0.1
GCN,2,233,1.0,0.1
GCN,2,234,1.0,0.1
GCN,2,235,1.0,0.1
GCN,2,236,1.0,0.15
GCN,2,237,1.0,0.15
GCN,2,238,1.0,0.15
GCN,2,239,1.0,0.1
GCN,2,240,1.0,0.05
GCN,2,241,1.0,0.05
GCN,2,242,1.0,0.05
GCN,2,243,1.0,0.05
GCN,2,244,1.0,0.05
GCN,2,245,1.0,0.05
GCN,2,246,1.0,0.05
GCN,2,247,1.0,0.05
GCN,2,248,1.0,0.05
GCN,2,249,1.0,0.05
GCN,2,250,1.0,0.05
GCN,2,251,1.0,0.05
GCN,2,252,1.0,0.05
GCN,2,253,1.0,0.05
GCN,2,254,1.0,0.05
GCN,2,255,1.0,0.05
GCN,2,256,1.0,0.0
GCN,2,257,1.0,0.0
GCN,2,258,1.0,0.0
GCN,2,259,1.0,0.05
GCN,2,260,1.0,0.1
GCN,2,261,1.0,0.05
GCN,2,262,1.0,0.05
GCN,2,263,1.0,0.1
GCN,2,264,1.0,0.1
GCN,2,265,1.0,0.15
GCN,2,266,1.0,0.15
GCN,2,267,1.0,0.1
GCN,2,268,1.0,0.1
GCN,2,269,1.0,0.1
GCN,2,270,1.0,0.1
GCN,2,271,1.0,0.15
GCN,2,272,1.0,0.15
GCN,2,273,1.0,0.1
GCN,2,274,1.0,0.1
GCN,2,275,1.0,0.1
GCN,2,276,1.0,0.1
GCN,2,277,1.0,0.1
GCN,2,278,1.0,0.1
GCN,2,279,1.0,0.05
GCN,2,280,1.0,0.05
GCN,2,281,1.0,0.05
GCN,2,282,1.0,0.1
GCN,2,283,1.0,0.05
GCN,2,284,1.0,0.05
GCN,2,285,1.0,0.05
GCN,2,286,1.0,0.0
GCN,2,287,1.0,0.0
GCN,2,288,1.0,0.0
GCN,2,289,1.0,0.0
GCN,2,290,1.0,0.05
GCN,2,291,1.0,0.05
GCN,2,292,1.0,0.05
GCN,2,293,1.0,0.05
GCN,2,294,1.0,0.05
GCN,2,295,1.0,0.05
GCN,2,296,1.0,0.05
GCN,2,297,1.0,0.05
GCN,2,298,1.0,0.05
GCN,2,299,1.0,0.05
GCN,2,300,1.0,0.05
GIN,2,1,0.21052631578947367,0.25
GIN,2,2,0.35526315789473684,0.25
GIN,2,3,0.3157894736842105,0.25
GIN,2,4,0.34210526315789475,0.25
GIN,2,5,0.3815789473684211,0.25
GIN,2,6,0.4473684210526316,0.25
GIN,2,7,0.47368421052631576,0.25
GIN,2,8,0.4868421052631579,0.25
GIN,2,9,0.5789473684210527,0.25
GIN,2,10,0.5657894736842105,0.25
GIN,2,11,0.5789473684210527,0.25
GIN,2,12,0.5921052631578947,0.2
GIN,2,13,0.5657894736842105,0.3
GIN,2,14,0.6842105263157895,0.25
GIN,2,15,0.75,0.25
GIN,2,16,0.7368421052631579,0.2
GIN,2,17,0.7368421052631579,0.15
GIN,2,18,0.6973684210526315,0.15
GIN,2,19,0.7763157894736842,0.1
GIN,2,20,0.7631578947368421,0.1
GIN,2,21,0.8026315789473685,0.1
GIN,2,22,0.8552631578947368,0.05
GIN,2,23,0.9078947368421053,0.05
GIN,2,24,0.9078947368421053,0.05
GIN,2,25,0.9473684210526315,0.0
GIN,2,26,0.9342105263157895,0.0
GIN,2,27,0.9078947368421053,0.0
GIN,2,28,0.9473684210526315,0.0
GIN,2,29,0.9868421052631579,0.0
GIN,2,30,0.9736842105263158,0.0
GIN,2,31,1.0,0.0
GIN,2,32,0.9868421052631579,0.0
GIN,2,33,1.0,0.1
GIN,2,34,1.0,0.1
GIN,2,35,1.0,0.1
GIN,2,36,1.0,0.1
GIN,2,37,1.0,0.1
GIN,2,38,0.9868421052631579,0.1
GIN,2,39,1.0,0.1
GIN,2,40,1.0,0.1
GIN,2,41,1.0,0.05
GIN,2,42,1.0,0.05
GIN,2,43,1.0,0.1
GIN,2,44,1.0,0.1
GIN,2,45,1.0,0.2
GIN,2,46,1.0,0.2
GIN,2,47,0.9868421052631579,0.2
GIN,2,48,1.0,0.2
GIN,2,49,1.0,0.2
GIN,2,50,1.0,0.2
GIN,2,51,1.0,0.2
GIN,2,52,0.9868421052631579,0.25
GIN,2,53,1.0,0.25
GIN,2,54,1.0,0.25
GIN,2,55,1.0,0.25
GIN,2,56,0.9868421052631579,0.25
GIN,2,57,1.0,0.15
GIN,2,58,0.9868421052631579,0.1
GIN,2,59,1.0,0.2
GIN,2,60,1.0,0.2
GIN,2,61,1.0,0.2
GIN,2,62,1.0,0.2
GIN,2,63,1.0,0.15
GIN,2,64,1.0,0.15
GIN,2,65,1.0,0.2
GIN,2,66,1.0,0.3
GIN,2,67,1.0,0.4
GIN,2,68,1.0,0.35
GIN,2,69,1.0,0.3
GIN,2,70,1.0,0.3
GIN,2,71,1.0,0.3
GIN,2,72,1.0,0.3
GIN,2,73,1.0,0.35
GIN,2,74,0.9868421052631579,0.35
GIN,2,75,1.0,0.3
GIN,2,76,1.0,0.25
GIN,2,77,0.9736842105263158,0.25
GIN,2,78,1.0,0.3
GIN,2,79,1.0,0.35
GIN,2,80,0.9868421052631579,0.35
GIN,2,81,1.0,0.4
GIN,2,82,1.0,0.3
GIN,2,83,1.0,0.35
GIN,2,84,0.9605263157894737,0.35
GIN,2,85,0.9868421052631579,0.3
GIN,2,86,1.0,0.4
GIN,2,87,1.0,0.3
GIN,2,88,1.0,0.25
GIN,2,89,1.0,0.25
GIN,2,90,1.0,0.3
GIN,2,91,1.0,0.25
GIN,2,92,1.0,0.3
GIN,2,93,1.0,0.4
GIN,2,94,1.0,0.4
GIN,2,95,0.9868421052631579,0.4
GIN,2,96,1.0,0.25
GIN,2,97,1.0,0.2
GIN,2,98,0.9868421052631579,0.15
GIN,2,99,0.9605263157894737,0.2
GIN,2,100,1.0,0.4
GIN,2,101,0.9868421052631579,0.3
GIN,2,102,0.9868421052631579,0.2
GIN,2,103,0.9605263157894737,0.2
GIN,2,104,1.0,0.2
GIN,2,105,1.0,0.2
GIN,2,106,1.0,0.2
GIN,2,107,1.0,0.25
GIN,2,108,1.0,0.35
GIN,2,109,1.0,0.4
GIN,2,110,1.0,0.35
GIN,2,111,1.0,0.35
GIN,2,112,0.9868421052631579,0.4
GIN,2,113,1.0,0.4
GIN,2,114,1.0,0.35
GIN,2,115,1.0,0.35
GIN,2,116,1.0,0.35
GIN,2,117,1.0,0.35
GIN,2,118,1.0,0.35
GIN,2,119,1.0,0.35
GIN,2,120,1.0,0.35
GIN,2,121,1.0,0.35
GIN,2,122,1.0,0.35
GIN,2,123,1.0,0.35
GIN,2,124,1.0,0.35
GIN,2,125,1.0,0.35
GIN,2,126,1.0,0.4
GIN,2,127,1.0,0.4
GIN,2,128,1.0,0.4
GIN,2,129,1.0,0.4
GIN,2,130,1.0,0.4
GIN,2,131,1.0,0.4
GIN,2,132,1.0,0.4
GIN,2,133,1.0,0.35
GIN,2,134,1.0,0.35
GIN,2,135,1.0,0.4
GIN,2,136,1.0,0.4
GIN,2,137,1.0,0.35
GIN,2,138,1.0,0.35
GIN,2,139,1.0,0.4
GIN,2,140,1.0,0.35
GIN,2,141,1.0,0.35
GIN,2,142,1.0,0.4
GIN,2,143,0.9868421052631579,0.35
GIN,2,144,1.0,0.45
GIN,2,145,1.0,0.4
GIN,2,146,1.0,0.45
GIN,2,147,0.9868421052631579,0.5
GIN,2,148,1.0,0.45
GIN,2,149,1.0,0.4
GIN,2,150,1.0,0.45
GIN,2,151,1.0,0.45
GIN,2,152,1.0,0.35
GIN,2,153,1.0,0.35
GIN,2,154,1.0,0.35
GIN,2,155,1.0,0.3
GIN,2,156,1.0,0.3
GIN,2,157,0.9868421052631579,0.3
GIN,2,158,1.0,0.25
GIN,2,159,1.0,0.3
GIN,2,160,0.9868421052631579,0.35
GIN,2,161,0.9868421052631579,0.35
GIN,2,162,0.9868421052631579,0.3
GIN,2,163,0.9868421052631579,0.35
GIN,2,164,1.0,0.35
GIN,2,165,1.0,0.45
GIN,2,166,1.0,0.55
GIN,2,167,1.0,0.55
GIN,2,168,1.0,0.55
GIN,2,169,1.0,0.55
GIN,2,170,1.0,0.55
GIN,2,171,1.0,0.55
GIN,2,172,1.0,0.55
GIN,2,173,1.0,0.5
GIN,2,174,1.0,0.5
GIN,2,175,1.0,0.4
GIN,2,176,1.0,0.4
GIN,2,177,1.0,0.45
GIN,2,178,1.0,0.35
GIN,2,179,1.0,0.4
GIN,2,180,0.9736842105263158,0.45
GIN,2,181,1.0,0.5
GIN,2,182,1.0,0.4
GIN,2,183,0.9868421052631579,0.35
GIN,2,184,0.9868421052631579,0.4
GIN,2,185,1.0,0.4
GIN,2,186,1.0,0.5
GIN,2,187,0.9868421052631579,0.5
GIN,2,188,0.9868421052631579,0.5
GIN,2,189,1.0,0.55
GIN,2,190,1.0,0.45
GIN,2,191,1.0,0.45
GIN,2,192,0.9868421052631579,0.55
GIN,2,193,1.0,0.5
GIN,2,194,1.0,0.5
GIN,2,195,1.0,0.55
GIN,2,196,1.0,0.5
GIN,2,197,0.9868421052631579,0.6
GIN,2,198,1.0,0.55
GIN,2,199,1.0,0.55
GIN,2,200,1.0,0.55
GIN,2,201,1.0,0.55
GIN,2,202,1.0,0.65
GIN,2,203,1.0,0.65
GIN,2,204,0.9868421052631579,0.6
GIN,2,205,1.0,0.55
GIN,2,206,1.0,0.55
GIN,2,207,1.0,0.5
GIN,2,208,1.0,0.55
GIN,2,209,1.0,0.55
GIN,2,210,1.0,0.55
GIN,2,211,0.9868421052631579,0.55
GIN,2,212,1.0,0.55
GIN,2,213,1.0,0.4
GIN,2,214,1.0,0.45
GIN,2,215,1.0,0.5
GIN,2,216,1.0,0.55
GIN,2,217,1.0,0.5
GIN,2,218,1.0,0.55
GIN,2,219,0.9868421052631579,0.55
GIN,2,220,1.0,0.45
GIN,2,221,1.0,0.3
GIN,2,222,1.0,0.3
GIN,2,223,1.0,0.35
GIN,2,224,1.0,0.35
GIN,2,225,1.0,0.4
GIN,2,226,1.0,0.45
GIN,2,227,1.0,0.55
GIN,2,228,1.0,0.55
GIN,2,229,1.0,0.5
GIN,2,230,1.0,0.5
GIN,2,231,1.0,0.5
GIN,2,232,1.0,0.45
GIN,2,233,0.9868421052631579,0.45
GIN,2,234,1.0,0.5
GIN,2,235,1.0,0.35
GIN,2,236,1.0,0.3
GIN,2,237,0.9868421052631579,0.25
GIN,2,238,0.9868421052631579,0.4
GIN,2,239,1.0,0.45
GIN,2,240,1.0,0.45
GIN,2,241,1.0,0.5
GIN,2,242,1.0,0.5
GIN,2,243,1.0,0.55
GIN,2,244,1.0,0.55
GIN,2,245,1.0,0.6
GIN,2,246,1.0,0.55
GIN,2,247,1.0,0.55
GIN,2,248,1.0,0.55
GIN,2,249,1.0,0.6
GIN,2,250,1.0,0.55
GIN,2,251,1.0,0.65
GIN,2,252,1.0,0.65
GIN,2,253,1.0,0.65
GIN,2,254,1.0,0.65
GIN,2,255,1.0,0.65
GIN,2,256,1.0,0.65
GIN,2,257,1.0,0.65
GIN,2,258,1.0,0.7
GIN,2,259,1.0,0.7
GIN,2,260,1.0,0.65
GIN,2,261,1.0,0.65
GIN,2,262,1.0,0.6
GIN,2,263,1.0,0.6
GIN,2,264,1.0,0.6
GIN,2,265,1.0,0.6
GIN,2,266,1.0,0.55
GIN,2,267,1.0,0.55
GIN,2,268,1.0,0.55
GIN,2,269,1.0,0.55
GIN,2,270,1.0,0.5
GIN,2,271,1.0,0.55
GIN,2,272,1.0,0.6
GIN,2,273,1.0,0.6
GIN,2,274,1.0,0.6
GIN,2,275,0.9868421052631579,0.65
GIN,2,276,1.0,0.65
GIN,2,277,1.0,0.6
GIN,2,278,1.0,0.6
GIN,2,279,1.0,0.6
GIN,2,280,1.0,0.6
GIN,2,281,1.0,0.65
GIN,2,282,1.0,0.7
GIN,2,283,1.0,0.7
GIN,2,284,0.9868421052631579,0.7
GIN,2,285,1.0,0.5
GIN,2,286,1.0,0.5
GIN,2,287,0.9736842105263158,0.45
GIN,2,288,0.9736842105263158,0.45
GIN,2,289,1.0,0.45
GIN,2,290,1.0,0.5
GIN,2,291,1.0,0.55
GIN,2,292,1.0,0.55
GIN,2,293,1.0,0.7
GIN,2,294,1.0,0.65
GIN,2,295,1.0,0.7
GIN,2,296,1.0,0.7
GIN,2,297,1.0,0.7
GIN,2,298,1.0,0.7
GIN,2,299,1.0,0.75
GIN,2,300,1.0,0.75
GCN,3,1,0.1090625,0.10125
GCN,3,2,0.1159375,0.085625
GCN,3,3,0.1240625,0.073125
GCN,3,4,0.12953125,0.07875
GCN,3,5,0.15078125,0.091875
GCN,3,6,0.1690625,0.150625
GCN,3,7,0.23609375,0.244375
GCN,3,8,0.29,0.28875
GCN,3,9,0.3565625,0.33
GCN,3,10,0.4175,0.3675
GCN,3,11,0.47375,0.46875
GCN,3,12,0.54125,0.528125
GCN,3,13,0.62171875,0.619375
GCN,3,14,0.70875,0.6975
GCN,3,15,0.75625,0.7225
GCN,3,16,0.79859375,0.80125
GCN,3,17,0.8575,0.83625
GCN,3,18,0.8784375,0.878125
GCN,3,19,0.9146875,0.901875
GCN,3,20,0.93953125,0.876875
GCN,3,21,0.94640625,0.945625
GCN,3,22,0.96859375,0.9625
GCN,3,23,0.9790625,0.960625
GCN,3,24,0.98,0.97375
GCN,3,25,0.98859375,0.951875
GCN,3,26,0.99,0.9775
GCN,3,27,0.98234375,0.95375
GCN,3,28,0.98953125,0.99125
GCN,3,29,0.99453125,0.9875
GCN,3,30,0.99515625,0.99
GCN,3,31,0.996875,0.99125
GCN,3,32,0.998125,0.995
GCN,3,33,0.9971875,0.999375
GCN,3,34,0.9971875,0.999375
GCN,3,35,0.99796875,0.996875
GCN,3,36,0.99421875,0.99625
GCN,3,37,0.99921875,0.99875
GCN,3,38,0.9984375,0.995
GCN,3,39,0.998125,0.993125
GCN,3,40,0.9959375,0.9825
GCN,3,41,0.99421875,0.989375
GCN,3,42,0.97953125,0.949375
GCN,3,43,0.96203125,0.97
GCN,3,44,0.99015625,0.996875
GCN,3,45,0.99984375,1.0
GCN,3,46,0.99984375,1.0
GCN,3,47,0.99984375,1.0
GCN,3,48,1.0,1.0
GCN,3,49,1.0,1.0
GCN,3,50,1.0,1.0
GCN,3,51,1.0,1.0
GCN,3,52,1.0,1.0
GCN,3,53,1.0,1.0
GCN,3,54,1.0,0.999375
GCN,3,55,1.0,1.0
GCN,3,56,1.0,1.0
GCN,3,57,1.0,1.0
GCN,3,58,1.0,0.99875
GCN,3,59,0.92921875,0.806875
GCN,3,60,0.92703125,0.965625
GCN,3,61,0.99078125,1.0
GCN,3,62,0.9996875,1.0
GCN,3,63,0.99984375,1.0
GCN,3,64,1.0,1.0
GCN,3,65,1.0,1.0
GCN,3,66,1.0,1.0
GCN,3,67,1.0,1.0
GCN,3,68,1.0,1.0
GCN,3,69,1.0,1.0
GCN,3,70,1.0,1.0
GCN,3,71,1.0,1.0
GCN,3,72,1.0,1.0
GCN,3,73,1.0,1.0
GCN,3,74,1.0,1.0
GCN,3,75,0.99640625,0.97375
GCN,3,76,0.890625,0.975
GCN,3,77,0.99109375,0.99125
GCN,3,78,0.995,0.994375
GCN,3,79,0.999375,1.0
GCN,3,80,1.0,1.0
GCN,3,81,1.0,1.0
GCN,3,82,1.0,1.0
GCN,3,83,1.0,1.0
GCN,3,84,1.0,1.0
GCN,3,85,1.0,1.0
GCN,3,86,1.0,1.0
GCN,3,87,1.0,1.0
GCN,3,88,1.0,1.0
GCN,3,89,1.0,1.0
GCN,3,90,1.0,1.0
GCN,3,91,1.0,1.0
GCN,3,92,1.0,1.0
GCN,3,93,1.0,1.0
GCN,3,94,1.0,1.0
GCN,3,95,1.0,1.0
GCN,3,96,1.0,1.0
GCN,3,97,1.0,1.0
GCN,3,98,1.0,1.0
GCN,3,99,1.0,1.0
GCN,3,100,0.998125,0.925625
GCN,3,101,0.86328125,0.93375
GCN,3,102,0.9696875,0.995625
GCN,3,103,0.99828125,0.998125
GCN,3,104,1.0,0.999375
GCN,3,105,0.99984375,1.0
GCN,3,106,1.0,1.0
GCN,3,107,1.0,0.999375
GCN,3,108,1.0,1.0
GCN,3,109,1.0,1.0
GCN,3,110,1.0,1.0
GCN,3,111,1.0,1.0
GCN,3,112,1.0,1.0
GCN,3,113,1.0,1.0
GCN,3,114,1.0,1.0
GCN,3,115,1.0,1.0
GCN,3,116,1.0,1.0
GCN,3,117,1.0,1.0
GCN,3,118,1.0,1.0
GCN,3,119,1.0,1.0
GCN,3,120,1.0,1.0
GCN,3,121,1.0,1.0
GCN,3,122,1.0,1.0
GCN,3,123,1.0,1.0
GCN,3,124,1.0,1.0
GCN,3,125,1.0,1.0
GCN,3,126,1.0,1.0
GCN,3,127,1.0,1.0
GCN,3,128,1.0,1.0
GCN,3,129,1.0,1.0
GCN,3,130,1.0,1.0
GCN,3,131,1.0,1.0
GCN,3,132,1.0,1.0
GCN,3,133,1.0,1.0
GCN,3,134,1.0,1.0
GCN,3,135,1.0,1.0
GCN,3,136,0.99609375,0.8175
GCN,3,137,0.8140625,0.96375
GCN,3,138,0.98265625,0.985625
GCN,3,139,0.9925,0.998125
GCN,3,140,0.99921875,0.99875
GCN,3,141,1.0,0.999375
GCN,3,142,1.0,1.0
GCN,3,143,1.0,1.0
GCN,3,144,1.0,1.0
GCN,3,145,1.0,1.0
GCN,3,146,1.0,0.999375
GCN,3,147,1.0,1.0
GCN,3,148,1.0,1.0
GCN,3,149,1.0,0.999375
GCN,3,150,1.0,0.999375
GCN,3,151,1.0,1.0
GCN,3,152,1.0,0.999375
GCN,3,153,1.0,0.999375
GCN,3,154,1.0,0.999375
GCN,3,155,1.0,0.999375
GCN,3,156,1.0,1.0
GCN,3,157,1.0,1.0
GCN,3,158,1.0,1.0
GCN,3,159,1.0,0.999375
GCN,3,160,1.0,1.0
GCN,3,161,1.0,1.0
GCN,3,162,1.0,1.0
GCN,3,163,1.0,1.0
GCN,3,164,1.0,0.999375
GCN,3,165,1.0,0.999375
GCN,3,166,1.0,1.0
GCN,3,167,1.0,1.0
GCN,3,168,1.0,0.999375
GCN,3,169,1.0,1.0
GCN,3,170,1.0,0.999375
GCN,3,171,1.0,1.0
GCN,3,172,1.0,1.0
GCN,3,173,1.0,1.0
GCN,3,174,1.0,1.0
GCN,3,175,0.9,0.909375
GCN,3,176,0.97328125,0.988125
GCN,3,177,0.9925,0.99375
GCN,3,178,0.999375,0.9975
GCN,3,179,0.99953125,1.0
GCN,3,180,1.0,1.0
GCN,3,181,1.0,1.0
GCN,3,182,1.0,1.0
GCN,3,183,1.0,1.0
GCN,3,184,1.0,1.0
GCN,3,185,1.0,1.0
GCN,3,186,1.0,1.0
GCN,3,187,1.0,1.0
GCN,3,188,1.0,1.0
GCN,3,189,1.0,1.0
GCN,3,190,1.0,1.0
GCN,3,191,1.0,1.0
GCN,3,192,1.0,1.0
GCN,3,193,1.0,1.0
GCN,3,194,1.0,1.0
GCN,3,195,1.0,1.0
GCN,3,196,1.0,1.0
GCN,3,197,1.0,1.0
GCN,3,198,1.0,1.0
GCN,3,199,1.0,1.0
GCN,3,200,1.0,1.0
GCN,3,201,1.0,1.0
GCN,3,202,1.0,1.0
GCN,3,203,1.0,1.0
GCN,3,204,1.0,1.0
GCN,3,205,1.0,1.0
GCN,3,206,1.0,1.0
GCN,3,207,1.0,1.0
GCN,3,208,1.0,1.0
GCN,3,209,1.0,1.0
GCN,3,210,1.0,1.0
GCN,3,211,1.0,1.0
GCN,3,212,1.0,1.0
GCN,3,213,1.0,1.0
GCN,3,214,1.0,1.0
GCN,3,215,1.0,1.0
GCN,3,216,1.0,1.0
GCN,3,217,1.0,1.0
GCN,3,218,1.0,1.0
GCN,3,219,1.0,1.0
GCN,3,220,1.0,1.0
GCN,3,221,1.0,1.0
GCN,3,222,0.8825,0.84375
GCN,3,223,0.9621875,0.99375
GCN,3,224,0.99796875,0.998125
GCN,3,225,0.99984375,1.0
GCN,3,226,1.0,1.0
GCN,3,227,1.0,1.0
GCN,3,228,1.0,1.0
GCN,3,229,1.0,1.0
GCN,3,230,1.0,1.0
GCN,3,231,1.0,1.0
GCN,3,232,1.0,1.0
GCN,3,233,1.0,1.0
GCN,3,234,1.0,1.0
GCN,3,235,1.0,1.0
GCN,3,236,1.0,1.0
GCN,3,237,1.0,1.0
GCN,3,238,1.0,1.0
GCN,3,239,1.0,1.0
GCN,3,240,1.0,1.0
GCN,3,241,1.0,1.0
GCN,3,242,1.0,1.0
GCN,3,243,1.0,1.0
GCN,3,244,1.0,1.0
GCN,3,245,1.0,1.0
GCN,3,246,1.0,1.0
GCN,3,247,0.99953125,0.986875
GCN,3,248,0.91625,0.97875
GCN,3,249,0.99375,0.99625
GCN,3,250,0.9990625,1.0
GCN,3,251,1.0,1.0
GCN,3,252,0.99984375,1.0
GCN,3,253,1.0,1.0
GCN,3,254,1.0,1.0
GCN,3,255,1.0,1.0
GCN,3,256,1.0,1.0
GCN,3,257,1.0,1.0
GCN,3,258,1.0,1.0
GCN,3,259,1.0,1.0
GCN,3,260,1.0,1.0
GCN,3,261,1.0,1.0
GCN,3,262,1.0,1.0
GCN,3,263,1.0,1.0
GCN,3,264,1.0,1.0
GCN,3,265,1.0,1.0
GCN,3,266,1.0,1.0
GCN,3,267,1.0,1.0
GCN,3,268,1.0,1.0
GCN,3,269,1.0,1.0
GCN,3,270,1.0,1.0
GCN,3,271,1.0,1.0
GCN,3,272,1.0,1.0
GCN,3,273,1.0,1.0
GCN,3,274,1.0,1.0
GCN,3,275,1.0,1.0
GCN,3,276,1.0,1.0
GCN,3,277,1.0,1.0
GCN,3,278,1.0,1.0
GCN,3,279,1.0,1.0
GCN,3,280,1.0,1.0
GCN,3,281,1.0,1.0
GCN,3,282,1.0,1.0
GCN,3,283,1.0,1.0
GCN,3,284,1.0,1.0
GCN,3,285,1.0,1.0
GCN,3,286,1.0,1.0
GCN,3,287,1.0,0.996875
GCN,3,288,0.88078125,0.98375
GCN,3,289,0.99234375,0.99875
GCN,3,290,0.99953125,0.99875
GCN,3,291,1.0,1.0
GCN,3,292,1.0,1.0
GCN,3,293,1.0,1.0
GCN,3,294,1.0,1.0
GCN,3,295,1.0,1.0
GCN,3,296,1.0,1.0
GCN,3,297,1.0,1.0
GCN,3,298,1.0,1.0
GCN,3,299,1.0,1.0
GCN,3,300,1.0,1.0
GIN,3,1,0.11359375,0.123125
GIN,3,2,0.1225,0.138125
GIN,3,3,0.1790625,0.198125
GIN,3,4,0.2853125,0.26875
GIN,3,5,0.3934375,0.3775
GIN,3,6,0.47984375,0.43625
GIN,3,7,0.5309375,0.499375
GIN,3,8,0.59078125,0.538125
GIN,3,9,0.633125,0.5625
GIN,3,10,0.67,0.585
GIN,3,11,0.7084375,0.63875
GIN,3,12,0.72828125,0.611875
GIN,3,13,0.74875,0.665625
GIN,3,14,0.77953125,0.71375
GIN,3,15,0.80515625,0.7275
GIN,3,16,0.81484375,0.750625
GIN,3,17,0.84015625,0.739375
GIN,3,18,0.86015625,0.7475
GIN,3,19,0.86578125,0.7625
GIN,3,20,0.89296875,0.7375
GIN,3,21,0.9090625,0.805625
GIN,3,22,0.9146875,0.82
GIN,3,23,0.93328125,0.8225
GIN,3,24,0.95125,0.855
GIN,3,25,0.959375,0.87625
GIN,3,26,0.9540625,0.865625
GIN,3,27,0.9471875,0.890625
GIN,3,28,0.96796875,0.910625
GIN,3,29,0.97609375,0.904375
GIN,3,30,0.9803125,0.910625
GIN,3,31,0.9678125,0.8575
GIN,3,32,0.97,0.9125
GIN,3,33,0.98171875,0.904375
GIN,3,34,0.96796875,0.921875
GIN,3,35,0.98671875,0.9425
GIN,3,36,0.98765625,0.94625
GIN,3,37,0.99,0.95125
GIN,3,38,0.98328125,0.904375
GIN,3,39,0.97484375,0.940625
GIN,3,40,0.9771875,0.895
GIN,3,41,0.978125,0.934375
GIN,3,42,0.98453125,0.91375
GIN,3,43,0.9821875,0.9575
GIN,3,44,0.9928125,0.97
GIN,3,45,0.98625,0.923125
GIN,3,46,0.9915625,0.970625
GIN,3,47,0.98671875,0.961875
GIN,3,48,0.99078125,0.97125
GIN,3,49,0.99109375,0.921875
GIN,3,50,0.9803125,0.93875
GIN,3,51,0.97078125,0.9225
GIN,3,52,0.98171875,0.945625
GIN,3,53,0.9903125,0.97375
GIN,3,54,0.995625,0.975
GIN,3,55,0.984375,0.959375
GIN,3,56,0.9903125,0.9675
GIN,3,57,0.98921875,0.969375
GIN,3,58,0.99296875,0.968125
GIN,3,59,0.99421875,0.973125
GIN,3,60,0.9978125,0.988125
GIN,3,61,0.999375,0.98625
GIN,3,62,0.99703125,0.9725
GIN,3,63,0.99703125,0.970625
GIN,3,64,0.99390625,0.97875
GIN,3,65,0.99203125,0.915625
GIN,3,66,0.96328125,0.914375
GIN,3,67,0.9740625,0.919375
GIN,3,68,0.988125,0.98625
GIN,3,69,0.99953125,0.99625
GIN,3,70,1.0,0.9975
GIN,3,71,1.0,0.996875
GIN,3,72,1.0,0.9975
GIN,3,73,1.0,0.998125
GIN,3,74,1.0,0.998125
GIN,3,75,1.0,0.998125
GIN,3,76,1.0,0.998125
GIN,3,77,1.0,0.998125
GIN,3,78,1.0,0.998125
GIN,3,79,1.0,0.998125
GIN,3,80,1.0,0.998125
GIN,3,81,1.0,0.998125
GIN,3,82,1.0,0.998125
GIN,3,83,1.0,0.998125
GIN,3,84,1.0,0.99875
GIN,3,85,1.0,0.998125
GIN,3,86,1.0,0.998125
GIN,3,87,1.0,0.998125
GIN,3,88,1.0,0.998125
GIN,3,89,1.0,0.998125
GIN,3,90,1.0,0.998125
GIN,3,91,1.0,0.998125
GIN,3,92,1.0,0.998125
GIN,3,93,1.0,0.998125
GIN,3,94,1.0,0.998125
GIN,3,95,1.0,0.998125
GIN,3,96,1.0,0.99875
GIN,3,97,1.0,0.99875
GIN,3,98,1.0,1.0
GIN,3,99,1.0,0.998125
GIN,3,100,1.0,0.999375
GIN,3,101,1.0,0.99875
GIN,3,102,1.0,0.998125
GIN,3,103,1.0,0.998125
GIN,3,104,1.0,0.99875
GIN,3,105,1.0,0.998125
GIN,3,106,1.0,0.998125
GIN,3,107,1.0,0.99875
GIN,3,108,1.0,0.99875
GIN,3,109,1.0,0.998125
GIN,3,110,1.0,0.998125
GIN,3,111,1.0,0.998125
GIN,3,112,1.0,0.998125
GIN,3,113,1.0,0.99875
GIN,3,114,1.0,0.99875
GIN,3,115,1.0,1.0
GIN,3,116,1.0,0.998125
GIN,3,117,1.0,0.998125
GIN,3,118,1.0,1.0
GIN,3,119,1.0,0.99875
GIN,3,120,1.0,0.999375
GIN,3,121,1.0,0.999375
GIN,3,122,1.0,1.0
GIN,3,123,1.0,1.0
GIN,3,124,1.0,0.99875
GIN,3,125,1.0,0.989375
GIN,3,126,0.75953125,0.904375
GIN,3,127,0.9628125,0.934375
GIN,3,128,0.9815625,0.9825
GIN,3,129,0.9946875,0.990625
GIN,3,130,0.99421875,0.983125
GIN,3,131,0.99671875,0.99
GIN,3,132,0.99640625,0.994375
GIN,3,133,0.99953125,0.99625
GIN,3,134,0.9996875,0.999375
GIN,3,135,0.999375,0.996875
GIN,3,136,0.999375,0.986875
GIN,3,137,0.99578125,0.953125
GIN,3,138,0.9559375,0.93125
GIN,3,139,0.9728125,0.98
GIN,3,140,0.9975,0.996875
GIN,3,141,0.9990625,1.0
GIN,3,142,0.9996875,1.0
GIN,3,143,1.0,1.0
GIN,3,144,0.99984375,1.0
GIN,3,145,1.0,0.999375
GIN,3,146,1.0,1.0
GIN,3,147,1.0,1.0
GIN,3,148,1.0,1.0
GIN,3,149,1.0,1.0
GIN,3,150,1.0,1.0
GIN,3,151,0.99921875,0.99
GIN,3,152,0.98234375,0.91625
GIN,3,153,0.9603125,0.989375
GIN,3,154,0.9884375,0.9825
GIN,3,155,0.99453125,0.995625
GIN,3,156,0.99734375,0.998125
GIN,3,157,1.0,1.0
GIN,3,158,1.0,1.0
GIN,3,159,1.0,1.0
GIN,3,160,0.99859375,0.99875
GIN,3,161,0.99984375,1.0
GIN,3,162,1.0,1.0
GIN,3,163,1.0,1.0
GIN,3,164,1.0,1.0
GIN,3,165,1.0,1.0
GIN,3,166,1.0,1.0
GIN,3,167,1.0,1.0
GIN,3,168,1.0,1.0
GIN,3,169,1.0,1.0
GIN,3,170,1.0,1.0
GIN,3,171,1.0,1.0
GIN,3,172,1.0,1.0
GIN,3,173,1.0,1.0
GIN,3,174,1.0,1.0
GIN,3,175,1.0,1.0
GIN,3,176,1.0,1.0
GIN,3,177,1.0,1.0
GIN,3,178,0.99640625,0.841875
GIN,3,179,0.925625,0.96625
GIN,3,180,0.9915625,0.9875
GIN,3,181,0.99578125,0.99375
GIN,3,182,0.9996875,0.998125
GIN,3,183,1.0,0.999375
GIN,3,184,1.0,0.999375
GIN,3,185,1.0,0.999375
GIN,3,186,1.0,0.999375
GIN,3,187,1.0,0.999375
GIN,3,188,1.0,0.999375
GIN,3,189,1.0,0.999375
GIN,3,190,1.0,0.999375
GIN,3,191,1.0,0.999375
GIN,3,192,1.0,1.0
GIN,3,193,1.0,1.0
GIN,3,194,1.0,0.999375
GIN,3,195,1.0,0.999375
GIN,3,196,1.0,0.999375
GIN,3,197,1.0,0.999375
GIN,3,198,1.0,0.999375
GIN,3,199,1.0,0.999375
GIN,3,200,1.0,0.999375
GIN,3,201,1.0,0.999375
GIN,3,202,1.0,1.0
GIN,3,203,1.0,1.0
GIN,3,204,1.0,0.999375
GIN,3,205,1.0,1.0
GIN,3,206,1.0,1.0
GIN,3,207,1.0,1.0
GIN,3,208,1.0,0.999375
GIN,3,209,1.0,1.0
GIN,3,210,1.0,0.999375
GIN,3,211,1.0,0.999375
GIN,3,212,1.0,0.999375
GIN,3,213,1.0,0.999375
GIN,3,214,1.0,0.999375
GIN,3,215,1.0,0.999375
GIN,3,216,1.0,0.999375
GIN,3,217,1.0,0.999375
GIN,3,218,1.0,1.0
GIN,3,219,1.0,1.0
GIN,3,220,1.0,0.999375
GIN,3,221,1.0,1.0
GIN,3,222,1.0,1.0
GIN,3,223,1.0,1.0
GIN,3,224,1.0,1.0
GIN,3,225,1.0,1.0
GIN,3,226,1.0,1.0
GIN,3,227,1.0,1.0
GIN,3,228,1.0,1.0
GIN,3,229,1.0,1.0
GIN,3,230,1.0,1.0
GIN,3,231,1.0,1.0
GIN,3,232,1.0,0.999375
GIN,3,233,1.0,1.0
GIN,3,234,1.0,0.999375
GIN,3,235,1.0,0.999375
GIN,3,236,1.0,0.999375
GIN,3,237,1.0,0.999375
GIN,3,238,1.0,0.999375
GIN,3,239,1.0,1.0
GIN,3,240,1.0,0.999375
GIN,3,241,1.0,1.0
GIN,3,242,1.0,1.0
GIN,3,243,1.0,1.0
GIN,3,244,0.90796875,0.945625
GIN,3,245,0.9859375,0.99
GIN,3,246,0.99828125,0.99875
GIN,3,247,0.99765625,0.99125
GIN,3,248,0.994375,0.985625
GIN,3,249,0.99578125,0.999375
GIN,3,250,0.9978125,0.9975
GIN,3,251,0.99796875,0.999375
GIN,3,252,0.9990625,0.999375
GIN,3,253,0.99859375,0.9975
GIN,3,254,0.9953125,0.98875
GIN,3,255,0.99140625,0.955625
GIN,3,256,0.99203125,0.9925
GIN,3,257,0.99765625,0.9825
GIN,3,258,0.99640625,0.9975
GIN,3,259,0.99921875,1.0
GIN,3,260,0.999375,0.999375
GIN,3,261,1.0,1.0
GIN,3,262,1.0,1.0
GIN,3,263,1.0,0.999375
GIN,3,264,1.0,1.0
GIN,3,265,1.0,1.0
GIN,3,266,1.0,1.0
GIN,3,267,1.0,1.0
GIN,3,268,1.0,1.0
GIN,3,269,1.0,1.0
GIN,3,270,1.0,1.0
GIN,3,271,1.0,1.0
GIN,3,272,1.0,1.0
GIN,3,273,1.0,1.0
GIN,3,274,1.0,1.0
GIN,3,275,1.0,1.0
GIN,3,276,1.0,1.0
GIN,3,277,1.0,1.0
GIN,3,278,1.0,1.0
GIN,3,279,1.0,1.0
GIN,3,280,1.0,1.0
GIN,3,281,1.0,1.0
GIN,3,282,1.0,1.0
GIN,3,283,1.0,1.0
GIN,3,284,1.0,1.0
GIN,3,285,1.0,1.0
GIN,3,286,1.0,1.0
GIN,3,287,1.0,1.0
GIN,3,288,1.0,1.0
GIN,3,289,1.0,1.0
GIN,3,290,1.0,1.0
GIN,3,291,1.0,1.0
GIN,3,292,1.0,1.0
GIN,3,293,1.0,1.0
GIN,3,294,1.0,1.0
GIN,3,295,1.0,1.0
GIN,3,296,1.0,1.0
GIN,3,297,1.0,1.0
GIN,3,298,1.0,1.0
GIN,3,299,1.0,1.0
GIN,3,300,1.0,1.0
GCN,4,1,0.05796875,0.0621875
GCN,4,2,0.056953125,0.0509375
GCN,4,3,0.058203125,0.0515625
GCN,4,4,0.060078125,0.0615625
GCN,4,5,0.057890625,0.03875
GCN,4,6,0.061171875,0.05625
GCN,4,7,0.062890625,0.0534375
GCN,4,8,0.05953125,0.0425
GCN,4,9,0.06453125,0.05
GCN,4,10,0.06125,0.0528125
GCN,4,11,0.066953125,0.038125
GCN,4,12,0.060625,0.0315625
GCN,4,13,0.06453125,0.03875
GCN,4,14,0.059296875,0.026875
GCN,4,15,0.06421875,0.053125
GCN,4,16,0.065625,0.0359375
GCN,4,17,0.06671875,0.0321875
GCN,4,18,0.0659375,0.0259375
GCN,4,19,0.0634375,0.021875
GCN,4,20,0.0665625,0.0340625
GCN,4,21,0.065546875,0.0340625
GCN,4,22,0.063828125,0.02
GCN,4,23,0.067421875,0.024375
GCN,4,24,0.06375,0.01875
GCN,4,25,0.069296875,0.0234375
GCN,4,26,0.068984375,0.021875
GCN,4,27,0.06328125,0.01625
GCN,4,28,0.0703125,0.01875
GCN,4,29,0.069296875,0.016875
GCN,4,30,0.0709375,0.03
GCN,4,31,0.07578125,0.025
GCN,4,32,0.07875,0.0425
GCN,4,33,0.091015625,0.05875
GCN,4,34,0.105703125,0.07375
GCN,4,35,0.124296875,0.0871875
GCN,4,36,0.13015625,0.0984375
GCN,4,37,0.13328125,0.1059375
GCN,4,38,0.14078125,0.1059375
GCN,4,39,0.15265625,0.1059375
GCN,4,40,0.161640625,0.1115625
GCN,4,41,0.17,0.1225
GCN,4,42,0.1759375,0.1165625
GCN,4,43,0.183359375,0.12625
GCN,4,44,0.182734375,0.1375
GCN,4,45,0.1878125,0.136875
GCN,4,46,0.19359375,0.13125
GCN,4,47,0.192265625,0.1309375
GCN,4,48,0.195078125,0.13625
GCN,4,49,0.2009375,0.130625
GCN,4,50,0.2009375,0.1390625
GCN,4,51,0.203828125,0.135
GCN,4,52,0.207578125,0.131875
GCN,4,53,0.208046875,0.130625
GCN,4,54,0.216015625,0.139375
GCN,4,55,0.214921875,0.1425
GCN,4,56,0.21984375,0.14875
GCN,4,57,0.219921875,0.13875
GCN,4,58,0.22453125,0.141875
GCN,4,59,0.22765625,0.144375
GCN,4,60,0.2315625,0.1475
GCN,4,61,0.234921875,0.145625
GCN,4,62,0.23765625,0.1484375
GCN,4,63,0.23875,0.1475
GCN,4,64,0.23875,0.14625
GCN,4,65,0.243125,0.1484375
GCN,4,66,0.246953125,0.143125
GCN,4,67,0.2471875,0.148125
GCN,4,68,0.25296875,0.1434375
GCN,4,69,0.254296875,0.1515625
GCN,4,70,0.25515625,0.145625
GCN,4,71,0.25875,0.1446875
GCN,4,72,0.258671875,0.15
GCN,4,73,0.265,0.1496875
GCN,4,74,0.26609375,0.148125
GCN,4,75,0.265234375,0.15625
GCN,4,76,0.2709375,0.14875
GCN,4,77,0.27265625,0.154375
GCN,4,78,0.279609375,0.1521875
GCN,4,79,0.28375,0.16625
GCN,4,80,0.27953125,0.1634375
GCN,4,81,0.284921875,0.1553125
GCN,4,82,0.287265625,0.16125
GCN,4,83,0.291328125,0.1559375
GCN,4,84,0.2953125,0.15875
GCN,4,85,0.29890625,0.160625
GCN,4,86,0.3003125,0.1578125
GCN,4,87,0.30375,0.16625
GCN,4,88,0.301875,0.1659375
GCN,4,89,0.311171875,0.1621875
GCN,4,90,0.31625,0.1615625
GCN,4,91,0.31796875,0.1690625
GCN,4,92,0.321953125,0.1634375
GCN,4,93,0.326015625,0.1625
GCN,4,94,0.33,0.16125
GCN,4,95,0.332109375,0.1690625
GCN,4,96,0.334375,0.1690625
GCN,4,97,0.3334375,0.1690625
GCN,4,98,0.339375,0.16375
GCN,4,99,0.343203125,0.1775
GCN,4,100,0.337890625,0.168125
GCN,4,101,0.3496875,0.1746875
GCN,4,102,0.34921875,0.1715625
GCN,4,103,0.34671875,0.1828125
GCN,4,104,0.354375,0.176875
GCN,4,105,0.358671875,0.1746875
GCN,4,106,0.36203125,0.16625
GCN,4,107,0.363671875,0.1721875
GCN,4,108,0.363671875,0.170625
GCN,4,109,0.365,0.18125
GCN,4,110,0.36953125,0.1796875
GCN,4,111,0.37421875,0.1840625
GCN,4,112,0.373515625,0.17375
GCN,4,113,0.37921875,0.173125
GCN,4,114,0.3771875,0.176875
GCN,4,115,0.3775,0.171875
GCN,4,116,0.388046875,0.1803125
GCN,4,117,0.38265625,0.18
GCN,4,118,0.385625,0.175625
GCN,4,119,0.394921875,0.1809375
GCN,4,120,0.3909375,0.1803125
GCN,4,121,0.39296875,0.175625
GCN,4,122,0.3996875,0.1834375
GCN,4,123,0.39625,0.1809375
GCN,4,124,0.4,0.1803125
GCN,4,125,0.401484375,0.18625
GCN,4,126,0.406640625,0.1771875
GCN,4,127,0.404765625,0.1784375
GCN,4,128,0.407421875,0.185625
GCN,4,129,0.40875,0.18375
GCN,4,130,0.410546875,0.1815625
GCN,4,131,0.41203125,0.178125
GCN,4,132,0.41640625,0.1778125
GCN,4,133,0.4203125,0.18375
GCN,4,134,0.417734375,0.18625
GCN,4,135,0.417734375,0.18125
GCN,4,136,0.4196875,0.1803125
GCN,4,137,0.423359375,0.186875
GCN,4,138,0.428125,0.1809375
GCN,4,139,0.42453125,0.1784375
GCN,4,140,0.428515625,0.1859375
GCN,4,141,0.4315625,0.18625
GCN,4,142,0.42796875,0.195625
GCN,4,143,0.4396875,0.1859375
GCN,4,144,0.435390625,0.1959375
GCN,4,145,0.439140625,0.18375
GCN,4,146,0.43890625,0.19
GCN,4,147,0.445390625,0.189375
GCN,4,148,0.444140625,0.1925
GCN,4,149,0.44953125,0.1975
GCN,4,150,0.453203125,0.1925
GCN,4,151,0.46109375,0.1903125
GCN,4,152,0.45296875,0.2040625
GCN,4,153,0.4584375,0.195
GCN,4,154,0.460859375,0.195
GCN,4,155,0.461796875,0.19375
GCN,4,156,0.462265625,0.1990625
GCN,4,157,0.476015625,0.2075
GCN,4,158,0.466484375,0.191875
GCN,4,159,0.475078125,0.1996875
GCN,4,160,0.47625,0.1971875
GCN,4,161,0.477890625,0.203125
GCN,4,162,0.47890625,0.21
GCN,4,163,0.480390625,0.199375
GCN,4,164,0.481484375,0.206875
GCN,4,165,0.483359375,0.208125
GCN,4,166,0.48,0.2078125
GCN,4,167,0.48375,0.2021875
GCN,4,168,0.488046875,0.20875
GCN,4,169,0.48796875,0.2075
GCN,4,170,0.49078125,0.203125
GCN,4,171,0.494296875,0.208125
GCN,4,172,0.49125,0.2075
GCN,4,173,0.491796875,0.20125
GCN,4,174,0.49515625,0.2115625
GCN,4,175,0.49734375,0.2159375
GCN,4,176,0.501484375,0.21
GCN,4,177,0.50171875,0.2075
GCN,4,178,0.503203125,0.2109375
GCN,4,179,0.49875,0.209375
GCN,4,180,0.5075,0.20375
GCN,4,181,0.50734375,0.2165625
GCN,4,182,0.50921875,0.215
GCN,4,183,0.514140625,0.2203125
GCN,4,184,0.51171875,0.21125
GCN,4,185,0.511484375,0.2175
GCN,4,186,0.509921875,0.215625
GCN,4,187,0.51171875,0.22125
GCN,4,188,0.513359375,0.2171875
GCN,4,189,0.517109375,0.21875
GCN,4,190,0.519140625,0.2153125
GCN,4,191,0.52203125,0.214375
GCN,4,192,0.520390625,0.2215625
GCN,4,193,0.5234375,0.2165625
GCN,4,194,0.52109375,0.2140625
GCN,4,195,0.520625,0.21375
GCN,4,196,0.525703125,0.21625
GCN,4,197,0.527265625,0.220625
GCN,4,198,0.530078125,0.2225
GCN,4,199,0.52546875,0.2190625
GCN,4,200,0.52578125,0.2075
GCN,4,201,0.53171875,0.21
GCN,4,202,0.53609375,0.2190625
GCN,4,203,0.5275,0.2159375
GCN,4,204,0.538203125,0.2225
GCN,4,205,0.5378125,0.213125
GCN,4,206,0.5390625,0.2165625
GCN,4,207,0.530234375,0.2109375
GCN,4,208,0.541953125,0.2196875
GCN,4,209,0.543203125,0.219375
GCN,4,210,0.5378125,0.2175
GCN,4,211,0.541640625,0.2253125
GCN,4,212,0.549453125,0.22625
GCN,4,213,0.543515625,0.2271875
GCN,4,214,0.543359375,0.218125
GCN,4,215,0.54421875,0.219375
GCN,4,216,0.542890625,0.21125
GCN,4,217,0.550859375,0.2178125
GCN,4,218,0.545078125,0.23125
GCN,4,219,0.552265625,0.2234375
GCN,4,220,0.549453125,0.2234375
GCN,4,221,0.551953125,0.225
GCN,4,222,0.552578125,0.2209375
GCN,4,223,0.566875,0.2221875
GCN,4,224,0.5503125,0.21625
GCN,4,225,0.551796875,0.22875
GCN,4,226,0.55203125,0.2265625
GCN,4,227,0.558359375,0.2284375
GCN,4,228,0.55,0.2275
GCN,4,229,0.560625,0.21125
GCN,4,230,0.561640625,0.2196875
GCN,4,231,0.55703125,0.228125
GCN,4,232,0.561875,0.223125
GCN,4,233,0.563359375,0.223125
GCN,4,234,0.57171875,0.21875
GCN,4,235,0.567734375,0.2215625
GCN,4,236,0.568359375,0.23125
GCN,4,237,0.569140625,0.2246875
GCN,4,238,0.56625,0.2240625
GCN,4,239,0.567734375,0.231875
GCN,4,240,0.571328125,0.2125
GCN,4,241,0.56734375,0.234375
GCN,4,242,0.566796875,0.2203125
GCN,4,243,0.57390625,0.2228125
GCN,4,244,0.570703125,0.224375
GCN,4,245,0.57390625,0.22
GCN,4,246,0.572265625,0.2271875
GCN,4,247,0.575546875,0.2228125
GCN,4,248,0.576484375,0.2284375
GCN,4,249,0.577578125,0.2178125
GCN,4,250,0.573828125,0.21875
GCN,4,251,0.579296875,0.215
GCN,4,252,0.57078125,0.230625
GCN,4,253,0.5825,0.221875
GCN,4,254,0.581796875,0.2234375
GCN,4,255,0.579140625,0.228125
GCN,4,256,0.579453125,0.223125
GCN,4,257,0.58078125,0.22125
GCN,4,258,0.58515625,0.228125
GCN,4,259,0.581328125,0.2153125
GCN,4,260,0.578046875,0.22125
GCN,4,261,0.582109375,0.2259375
GCN,4,262,0.587578125,0.2253125
GCN,4,263,0.583046875,0.2259375
GCN,4,264,0.58625,0.22375
GCN,4,265,0.586796875,0.2346875
GCN,4,266,0.59125,0.2234375
GCN,4,267,0.583671875,0.2196875
GCN,4,268,0.591875,0.2290625
GCN,4,269,0.590546875,0.2278125
GCN,4,270,0.586875,0.2284375
GCN,4,271,0.58890625,0.2315625
GCN,4,272,0.58625,0.2215625
GCN,4,273,0.592265625,0.224375
GCN,4,274,0.59703125,0.2353125
GCN,4,275,0.5925,0.2290625
GCN,4,276,0.598203125,0.2346875
GCN,4,277,0.5928125,0.225
GCN,4,278,0.595859375,0.226875
GCN,4,279,0.587734375,0.23
GCN,4,280,0.59671875,0.2209375
GCN,4,281,0.600703125,0.2321875
GCN,4,282,0.59515625,0.2196875
GCN,4,283,0.601640625,0.23125
GCN,4,284,0.59578125,0.233125
GCN,4,285,0.598046875,0.2309375
GCN,4,286,0.59359375,0.2309375
GCN,4,287,0.5946875,0.2190625
GCN,4,288,0.595546875,0.2253125
GCN,4,289,0.59875,0.229375
GCN,4,290,0.60421875,0.223125
GCN,4,291,0.596796875,0.2178125
GCN,4,292,0.602421875,0.2228125
GCN,4,293,0.602109375,0.228125
GCN,4,294,0.60015625,0.22125
GCN,4,295,0.606171875,0.2334375
GCN,4,296,0.608984375,0.2290625
GCN,4,297,0.6071875,0.229375
GCN,4,298,0.609296875,0.2259375
GCN,4,299,0.610234375,0.2290625
GCN,4,300,0.605390625,0.2384375
GIN,4,1,0.059375,0.05875
GIN,4,2,0.05953125,0.0590625
GIN,4,3,0.059921875,0.060625
GIN,4,4,0.05703125,0.0571875
GIN,4,5,0.058984375,0.0615625
GIN,4,6,0.060078125,0.055625
GIN,4,7,0.061171875,0.0571875
GIN,4,8,0.063125,0.049375
GIN,4,9,0.059453125,0.0528125
GIN,4,10,0.057734375,0.043125
GIN,4,11,0.060546875,0.054375
GIN,4,12,0.05921875,0.046875
GIN,4,13,0.06203125,0.0484375
GIN,4,14,0.062734375,0.050625
GIN,4,15,0.058203125,0.0440625
GIN,4,16,0.064296875,0.0440625
GIN,4,17,0.060859375,0.0540625
GIN,4,18,0.060546875,0.0475
GIN,4,19,0.0640625,0.04625
GIN,4,20,0.065546875,0.048125
GIN,4,21,0.06421875,0.0459375
GIN,4,22,0.06390625,0.058125
GIN,4,23,0.067578125,0.0609375
GIN,4,24,0.0690625,0.065
GIN,4,25,0.075,0.0590625
GIN,4,26,0.075546875,0.065
GIN,4,27,0.074609375,0.068125
GIN,4,28,0.07984375,0.079375
GIN,4,29,0.0840625,0.0759375
GIN,4,30,0.084921875,0.0803125
GIN,4,31,0.089765625,0.0790625
GIN,4,32,0.089609375,0.0771875
GIN,4,33,0.094296875,0.089375
GIN,4,34,0.0984375,0.088125
GIN,4,35,0.099140625,0.085
GIN,4,36,0.104609375,0.0940625
GIN,4,37,0.104140625,0.085625
GIN,4,38,0.108671875,0.0896875
GIN,4,39,0.10875,0.0896875
GIN,4,40,0.105703125,0.0925
GIN,4,41,0.110546875,0.0946875
GIN,4,42,0.111484375,0.0946875
GIN,4,43,0.110546875,0.093125
GIN,4,44,0.11390625,0.094375
GIN,4,45,0.116640625,0.0909375
GIN,4,46,0.11421875,0.1034375
GIN,4,47,0.12109375,0.096875
GIN,4,48,0.114765625,0.0940625
GIN,4,49,0.1184375,0.09375
GIN,4,50,0.122265625,0.0959375
GIN,4,51,0.118515625,0.0934375
GIN,4,52,0.120390625,0.0940625
GIN,4,53,0.121640625,0.0909375
GIN,4,54,0.12359375,0.088125
GIN,4,55,0.12234375,0.0865625
GIN,4,56,0.12046875,0.086875
GIN,4,57,0.120390625,0.0846875
GIN,4,58,0.122421875,0.0853125
GIN,4,59,0.12296875,0.085
GIN,4,60,0.126953125,0.0878125
GIN,4,61,0.124921875,0.0875
GIN,4,62,0.125546875,0.0965625
GIN,4,63,0.125546875,0.0884375
GIN,4,64,0.126171875,0.089375
GIN,4,65,0.12671875,0.09375
GIN,4,66,0.132734375,0.0890625
GIN,4,67,0.13328125,0.0946875
GIN,4,68,0.134609375,0.0896875
GIN,4,69,0.1365625,0.0884375
GIN,4,70,0.140390625,0.091875
GIN,4,71,0.138125,0.08875
GIN,4,72,0.142890625,0.090625
GIN,4,73,0.143515625,0.0896875
GIN,4,74,0.14171875,0.0978125
GIN,4,75,0.146171875,0.095625
GIN,4,76,0.146171875,0.0859375
GIN,4,77,0.14453125,0.0875
GIN,4,78,0.147890625,0.0953125
GIN,4,79,0.15078125,0.0890625
GIN,4,80,0.1540625,0.093125
GIN,4,81,0.151875,0.090625
GIN,4,82,0.151875,0.0859375
GIN,4,83,0.151484375,0.0875
GIN,4,84,0.15203125,0.090625
GIN,4,85,0.157734375,0.0853125
GIN,4,86,0.15609375,0.0890625
GIN,4,87,0.156171875,0.08625
GIN,4,88,0.160078125,0.095625
GIN,4,89,0.15921875,0.0909375
GIN,4,90,0.16203125,0.0909375
GIN,4,91,0.163359375,0.088125
GIN,4,92,0.16546875,0.0859375
GIN,4,93,0.164140625,0.088125
GIN,4,94,0.1640625,0.0865625
GIN,4,95,0.16578125,0.09
GIN,4,96,0.17140625,0.08875
GIN,4,97,0.168828125,0.08875
GIN,4,98,0.172109375,0.0896875
GIN,4,99,0.17078125,0.096875
GIN,4,100,0.172421875,0.091875
GIN,4,101,0.17453125,0.09
GIN,4,102,0.17265625,0.0871875
GIN,4,103,0.176171875,0.0928125
GIN,4,104,0.176640625,0.08125
GIN,4,105,0.18109375,0.094375
GIN,4,106,0.185390625,0.0934375
GIN,4,107,0.18640625,0.0896875
GIN,4,108,0.1828125,0.0903125
GIN,4,109,0.1815625,0.0928125
GIN,4,110,0.18703125,0.0915625
GIN,4,111,0.18859375,0.0984375
GIN,4,112,0.1915625,0.0959375
GIN,4,113,0.19234375,0.08875
GIN,4,114,0.1921875,0.09625
GIN,4,115,0.19484375,0.0878125
GIN,4,116,0.193671875,0.0925
GIN,4,117,0.194375,0.0865625
GIN,4,118,0.1971875,0.0946875
GIN,4,119,0.199296875,0.0890625
GIN,4,120,0.196796875,0.0959375
GIN,4,121,0.1965625,0.094375
GIN,4,122,0.1990625,0.0965625
GIN,4,123,0.204609375,0.0959375
GIN,4,124,0.20484375,0.0934375
GIN,4,125,0.2028125,0.090625
GIN,4,126,0.20390625,0.091875
GIN,4,127,0.212265625,0.0934375
GIN,4,128,0.208515625,0.0925
GIN,4,129,0.2125,0.095
GIN,4,130,0.21109375,0.0915625
GIN,4,131,0.21421875,0.0965625
GIN,4,132,0.215546875,0.096875
GIN,4,133,0.21296875,0.094375
GIN,4,134,0.220234375,0.09125
GIN,4,135,0.216953125,0.090625
GIN,4,136,0.22203125,0.0928125
GIN,4,137,0.2196875,0.0975
GIN,4,138,0.21890625,0.096875
GIN,4,139,0.223359375,0.095
GIN,4,140,0.224296875,0.0909375
GIN,4,141,0.224921875,0.0990625
GIN,4,142,0.22765625,0.091875
GIN,4,143,0.229140625,0.0965625
GIN,4,144,0.2275,0.09625
GIN,4,145,0.23125,0.0996875
GIN,4,146,0.2340625,0.0984375
GIN,4,147,0.233125,0.0928125
GIN,4,148,0.2353125,0.08875
GIN,4,149,0.239921875,0.0871875
GIN,4,150,0.232734375,0.0921875
GIN,4,151,0.242734375,0.0834375
GIN,4,152,0.24078125,0.089375
GIN,4,153,0.243359375,0.0940625
GIN,4,154,0.24234375,0.085625
GIN,4,155,0.24359375,0.089375
GIN,4,156,0.2453125,0.0875
GIN,4,157,0.25484375,0.0878125
GIN,4,158,0.2434375,0.09125
GIN,4,159,0.25296875,0.0934375
GIN,4,160,0.249453125,0.090625
GIN,4,161,0.252109375,0.08875
GIN,4,162,0.258046875,0.09125
GIN,4,163,0.25640625,0.093125
GIN,4,164,0.259140625,0.0921875
GIN,4,165,0.261328125,0.0903125
GIN,4,166,0.26234375,0.095
GIN,4,167,0.261875,0.093125
GIN,4,168,0.263125,0.085
GIN,4,169,0.261640625,0.0865625
GIN,4,170,0.2703125,0.0865625
GIN,4,171,0.2621875,0.09
GIN,4,172,0.27484375,0.0925
GIN,4,173,0.268359375,0.0928125
GIN,4,174,0.269453125,0.0865625
GIN,4,175,0.2746875,0.0846875
GIN,4,176,0.274296875,0.0865625
GIN,4,177,0.272421875,0.0840625
GIN,4,178,0.269765625,0.0821875
GIN,4,179,0.273046875,0.085625
GIN,4,180,0.2790625,0.085625
GIN,4,181,0.2821875,0.089375
GIN,4,182,0.27453125,0.085625
GIN,4,183,0.280546875,0.089375
GIN,4,184,0.281640625,0.093125
GIN,4,185,0.284375,0.08625
GIN,4,186,0.28140625,0.0815625
GIN,4,187,0.28546875,0.0815625
GIN,4,188,0.2946875,0.089375
GIN,4,189,0.28703125,0.0875
GIN,4,190,0.289609375,0.08875
GIN,4,191,0.28640625,0.0828125
GIN,4,192,0.294453125,0.08125
GIN,4,193,0.290078125,0.081875
GIN,4,194,0.2934375,0.0840625
GIN,4,195,0.29484375,0.0846875
GIN,4,196,0.299453125,0.086875
GIN,4,197,0.299609375,0.084375
GIN,4,198,0.290390625,0.0821875
GIN,4,199,0.298203125,0.088125
GIN,4,200,0.300703125,0.0815625
GIN,4,201,0.300234375,0.0825
GIN,4,202,0.30140625,0.0840625
GIN,4,203,0.300078125,0.0803125
GIN,4,204,0.30109375,0.0775
GIN,4,205,0.30703125,0.08375
GIN,4,206,0.30578125,0.0825
GIN,4,207,0.310390625,0.0825
GIN,4,208,0.3090625,0.0834375
GIN,4,209,0.307578125,0.081875
GIN,4,210,0.304921875,0.0834375
GIN,4,211,0.309453125,0.0859375
GIN,4,212,0.313046875,0.0803125
GIN,4,213,0.308359375,0.0746875
GIN,4,214,0.3140625,0.08
GIN,4,215,0.31,0.0796875
GIN,4,216,0.31796875,0.08625
GIN,4,217,0.31703125,0.0828125
GIN,4,218,0.31953125,0.081875
GIN,4,219,0.31703125,0.0865625
GIN,4,220,0.314375,0.0828125
GIN,4,221,0.319296875,0.080625
GIN,4,222,0.319609375,0.0828125
GIN,4,223,0.319609375,0.078125
GIN,4,224,0.32265625,0.081875
GIN,4,225,0.320625,0.0778125
GIN,4,226,0.3209375,0.0775
GIN,4,227,0.323125,0.0825
GIN,4,228,0.324453125,0.0784375
GIN,4,229,0.3215625,0.07625
GIN,4,230,0.329140625,0.08125
GIN,4,231,0.3303125,0.0821875
GIN,4,232,0.327578125,0.07375
GIN,4,233,0.325234375,0.0828125
GIN,4,234,0.328671875,0.0871875
GIN,4,235,0.330078125,0.07875
GIN,4,236,0.329375,0.079375
GIN,4,237,0.3328125,0.07875
GIN,4,238,0.332109375,0.0803125
GIN,4,239,0.334765625,0.079375
GIN,4,240,0.330703125,0.085625
GIN,4,241,0.3375,0.07625
GIN,4,242,0.336484375,0.084375
GIN,4,243,0.33515625,0.0784375
GIN,4,244,0.335703125,0.074375
GIN,4,245,0.3409375,0.0815625
GIN,4,246,0.33640625,0.0825
GIN,4,247,0.3384375,0.0828125
GIN,4,248,0.332265625,0.0734375
GIN,4,249,0.33171875,0.0796875
GIN,4,250,0.341484375,0.078125
GIN,4,251,0.342578125,0.0753125
GIN,4,252,0.35234375,0.0825
GIN,4,253,0.342421875,0.0759375
GIN,4,254,0.33453125,0.0790625
GIN,4,255,0.343125,0.075625
GIN,4,256,0.34625,0.08
GIN,4,257,0.343046875,0.07875
GIN,4,258,0.34265625,0.0825
GIN,4,259,0.341328125,0.075625
GIN,4,260,0.349375,0.081875
GIN,4,261,0.345703125,0.0859375
GIN,4,262,0.352421875,0.0825
GIN,4,263,0.35078125,0.0828125
GIN,4,264,0.3525,0.0771875
GIN,4,265,0.350703125,0.075625
GIN,4,266,0.34671875,0.0825
GIN,4,267,0.342578125,0.0828125
GIN,4,268,0.3490625,0.0815625
GIN,4,269,0.349921875,0.0790625
GIN,4,270,0.35421875,0.0765625
GIN,4,271,0.3590625,0.080625
GIN,4,272,0.355234375,0.08
GIN,4,273,0.35328125,0.0890625
GIN,4,274,0.3484375,0.0828125
GIN,4,275,0.3459375,0.0784375
GIN,4,276,0.35609375,0.0796875
GIN,4,277,0.355078125,0.0840625
GIN,4,278,0.358203125,0.0778125
GIN,4,279,0.35328125,0.0803125
GIN,4,280,0.356484375,0.0775
GIN,4,281,0.35796875,0.0759375
GIN,4,282,0.356796875,0.0753125
GIN,4,283,0.358046875,0.0775
GIN,4,284,0.3584375,0.07125
GIN,4,285,0.359921875,0.0790625
GIN,4,286,0.358359375,0.075
GIN,4,287,0.362265625,0.0759375
GIN,4,288,0.36109375,0.0721875
GIN,4,289,0.365859375,0.08
GIN,4,290,0.359921875,0.070625
GIN,4,291,0.363203125,0.0821875
GIN,4,292,0.36609375,0.07875
GIN,4,293,0.3634375,0.08125
GIN,4,294,0.36640625,0.0759375
GIN,4,295,0.359921875,0.075625
GIN,4,296,0.362421875,0.070625
GIN,4,297,0.36109375,0.07625
GIN,4,298,0.367578125,0.07375
GIN,4,299,0.366640625,0.074375
GIN,4,300,0.36375,0.0796875
GCN,5,1,0.0303515625,0.03125
GCN,5,2,0.03046875,0.03125
GCN,5,3,0.0297265625,0.03125
GCN,5,4,0.0288671875,0.03125
GCN,5,5,0.03046875,0.03125
GCN,5,6,0.02953125,0.03125
GCN,5,7,0.027734375,0.03125
GCN,5,8,0.02921875,0.03125
GCN,5,9,0.0280859375,0.031875
GCN,5,10,0.0307421875,0.03140625
GCN,5,11,0.0294140625,0.03109375
GCN,5,12,0.029453125,0.0303125
GCN,5,13,0.0291015625,0.03078125
GCN,5,14,0.028203125,0.03125
GCN,5,15,0.02875,0.0315625
GCN,5,16,0.029296875,0.02921875
GCN,5,17,0.02859375,0.0309375
GCN,5,18,0.029765625,0.03203125
GCN,5,19,0.02953125,0.02859375
GCN,5,20,0.0296875,0.030625
GCN,5,21,0.0296875,0.0303125
GCN,5,22,0.0287109375,0.02890625
GCN,5,23,0.0294140625,0.0290625
GCN,5,24,0.028203125,0.02984375
GCN,5,25,0.027890625,0.02890625
GCN,5,26,0.0301171875,0.0290625
GCN,5,27,0.028671875,0.02921875
GCN,5,28,0.0277734375,0.02875
GCN,5,29,0.028671875,0.03
GCN,5,30,0.0303125,0.030625
GCN,5,31,0.030078125,0.0265625
GCN,5,32,0.0307421875,0.02578125
GCN,5,33,0.0298046875,0.024375
GCN,5,34,0.032265625,0.02625
GCN,5,35,0.0300390625,0.0240625
GCN,5,36,0.029609375,0.02328125
GCN,5,37,0.0319921875,0.02359375
GCN,5,38,0.030625,0.023125
GCN,5,39,0.033046875,0.02296875
GCN,5,40,0.032109375,0.0225
GCN,5,41,0.0323828125,0.02125
GCN,5,42,0.031796875,0.01984375
GCN,5,43,0.0320703125,0.01890625
GCN,5,44,0.032578125,0.019375
GCN,5,45,0.0328125,0.01859375
GCN,5,46,0.03234375,0.020625
GCN,5,47,0.031640625,0.01875
GCN,5,48,0.0328125,0.01953125
GCN,5,49,0.0334375,0.0196875
GCN,5,50,0.033515625,0.0184375
GCN,5,51,0.033515625,0.01640625
GCN,5,52,0.0327734375,0.0171875
GCN,5,53,0.0332421875,0.0171875
GCN,5,54,0.033125,0.01515625
GCN,5,55,0.0337109375,0.01734375
GCN,5,56,0.03328125,0.0140625
GCN,5,57,0.0333984375,0.015
GCN,5,58,0.033125,0.014375
GCN,5,59,0.033984375,0.01328125
GCN,5,60,0.033984375,0.01328125
GCN,5,61,0.0341015625,0.01234375
GCN,5,62,0.0343359375,0.01328125
GCN,5,63,0.0347265625,0.0115625
GCN,5,64,0.0344140625,0.01140625
GCN,5,65,0.0345703125,0.01125
GCN,5,66,0.0343359375,0.01125
GCN,5,67,0.035078125,0.01046875
GCN,5,68,0.0355859375,0.00984375
GCN,5,69,0.0365625,0.01015625
GCN,5,70,0.0356640625,0.01078125
GCN,5,71,0.0357421875,0.00921875
GCN,5,72,0.0359765625,0.00953125
GCN,5,73,0.035078125,0.00828125
GCN,5,74,0.0359375,0.0090625
GCN,5,75,0.0356640625,0.00828125
GCN,5,76,0.0359375,0.00734375
GCN,5,77,0.0371484375,0.008125
GCN,5,78,0.0355859375,0.0090625
GCN,5,79,0.0367578125,0.00796875
GCN,5,80,0.0358203125,0.00859375
GCN,5,81,0.035859375,0.0071875
GCN,5,82,0.036328125,0.00734375
GCN,5,83,0.035625,0.00765625
GCN,5,84,0.0357421875,0.0071875
GCN,5,85,0.0358203125,0.00734375
GCN,5,86,0.035625,0.00765625
GCN,5,87,0.035859375,0.00796875
GCN,5,88,0.03625,0.00875
GCN,5,89,0.0361328125,0.0078125
GCN,5,90,0.03609375,0.00734375
GCN,5,91,0.0356640625,0.00703125
GCN,5,92,0.0366796875,0.00734375
GCN,5,93,0.0361328125,0.006875
GCN,5,94,0.03625,0.0075
GCN,5,95,0.036953125,0.00578125
GCN,5,96,0.0364453125,0.006875
GCN,5,97,0.036328125,0.00640625
GCN,5,98,0.0362109375,0.0065625
GCN,5,99,0.036328125,0.00703125
GCN,5,100,0.0362109375,0.006875
GCN,5,101,0.03671875,0.00640625
GCN,5,102,0.03640625,0.00578125
GCN,5,103,0.0367578125,0.0075
GCN,5,104,0.0359765625,0.00625
GCN,5,105,0.0359765625,0.0065625
GCN,5,106,0.03609375,0.0059375
GCN,5,107,0.0363671875,0.00640625
GCN,5,108,0.0359375,0.00796875
GCN,5,109,0.0356640625,0.00578125
GCN,5,110,0.0359375,0.00625
GCN,5,111,0.0358203125,0.00765625
GCN,5,112,0.03546875,0.00609375
GCN,5,113,0.0360546875,0.00609375
GCN,5,114,0.0361328125,0.00640625
GCN,5,115,0.0362890625,0.0059375
GCN,5,116,0.0359765625,0.005625
GCN,5,117,0.03640625,0.005625
GCN,5,118,0.03640625,0.00640625
GCN,5,119,0.0371875,0.006875
GCN,5,120,0.03625,0.00625
GCN,5,121,0.03609375,0.0059375
GCN,5,122,0.03609375,0.00609375
GCN,5,123,0.036953125,0.005625
GCN,5,124,0.036640625,0.00546875
GCN,5,125,0.0363671875,0.005625
GCN,5,126,0.0365625,0.0065625
GCN,5,127,0.03640625,0.0071875
GCN,5,128,0.03609375,0.00640625
GCN,5,129,0.0375390625,0.00578125
GCN,5,130,0.037421875,0.0075
GCN,5,131,0.0373046875,0.00609375
GCN,5,132,0.038515625,0.00671875
GCN,5,133,0.038125,0.0075
GCN,5,134,0.038046875,0.00765625
GCN,5,135,0.0384375,0.00703125
GCN,5,136,0.038984375,0.0075
GCN,5,137,0.0391796875,0.00890625
GCN,5,138,0.0382421875,0.00921875
GCN,5,139,0.0399609375,0.01015625
GCN,5,140,0.040625,0.00859375
GCN,5,141,0.0408984375,0.00828125
GCN,5,142,0.041171875,0.0084375
GCN,5,143,0.0412109375,0.008125
GCN,5,144,0.0408203125,0.0084375
GCN,5,145,0.041484375,0.00875
GCN,5,146,0.041328125,0.00765625
GCN,5,147,0.041171875,0.00828125
GCN,5,148,0.0415625,0.00890625
GCN,5,149,0.0421484375,0.00796875
GCN,5,150,0.043125,0.00890625
GCN,5,151,0.0430859375,0.00765625
GCN,5,152,0.0435546875,0.0084375
GCN,5,153,0.043984375,0.0084375
GCN,5,154,0.0440234375,0.00875
GCN,5,155,0.0437890625,0.0084375
GCN,5,156,0.044609375,0.00828125
GCN,5,157,0.044375,0.00890625
GCN,5,158,0.04484375,0.0090625
GCN,5,159,0.045,0.00828125
GCN,5,160,0.0455859375,0.00875
GCN,5,161,0.045390625,0.00875
GCN,5,162,0.0456640625,0.00796875
GCN,5,163,0.0466015625,0.01125
GCN,5,164,0.047421875,0.0096875
GCN,5,165,0.04703125,0.01328125
GCN,5,166,0.0482421875,0.01109375
GCN,5,167,0.0476953125,0.01265625
GCN,5,168,0.0483984375,0.01328125
GCN,5,169,0.048984375,0.0125
GCN,5,170,0.0484765625,0.014375
GCN,5,171,0.0494921875,0.0125
GCN,5,172,0.0500390625,0.0134375
GCN,5,173,0.048984375,0.01375
GCN,5,174,0.050390625,0.01296875
GCN,5,175,0.05140625,0.01453125
GCN,5,176,0.05296875,0.01390625
GCN,5,177,0.0515234375,0.01515625
GCN,5,178,0.0515625,0.0134375
GCN,5,179,0.0523828125,0.01515625
GCN,5,180,0.053359375,0.01546875
GCN,5,181,0.0540625,0.0165625
GCN,5,182,0.0543359375,0.01671875
GCN,5,183,0.0543359375,0.0175
GCN,5,184,0.0545703125,0.01625
GCN,5,185,0.0559375,0.01640625
GCN,5,186,0.056640625,0.015625
GCN,5,187,0.0559765625,0.0153125
GCN,5,188,0.0571875,0.0171875
GCN,5,189,0.0575,0.01953125
GCN,5,190,0.0565625,0.015
GCN,5,191,0.0571484375,0.015625
GCN,5,192,0.058046875,0.01625
GCN,5,193,0.0573828125,0.018125
GCN,5,194,0.0591796875,0.01734375
GCN,5,195,0.06125,0.0175
GCN,5,196,0.0603515625,0.0203125
GCN,5,197,0.0608203125,0.02359375
GCN,5,198,0.0616015625,0.01703125
GCN,5,199,0.059921875,0.0196875
GCN,5,200,0.0616796875,0.015625
GCN,5,201,0.06171875,0.019375
GCN,5,202,0.0616015625,0.019375
GCN,5,203,0.0626171875,0.018125
GCN,5,204,0.0633984375,0.01953125
GCN,5,205,0.06359375,0.0190625
GCN,5,206,0.064921875,0.02
GCN,5,207,0.06515625,0.0209375
GCN,5,208,0.065,0.02015625
GCN,5,209,0.0655078125,0.02015625
GCN,5,210,0.0658984375,0.0184375
GCN,5,211,0.06578125,0.01921875
GCN,5,212,0.0670703125,0.01890625
GCN,5,213,0.067578125,0.021875
GCN,5,214,0.066640625,0.0178125
GCN,5,215,0.068203125,0.019375
GCN,5,216,0.066796875,0.0221875
GCN,5,217,0.0676171875,0.01796875
GCN,5,218,0.06828125,0.02015625
GCN,5,219,0.069375,0.0215625
GCN,5,220,0.0696875,0.0209375
GCN,5,221,0.06796875,0.019375
GCN,5,222,0.069140625,0.0196875
GCN,5,223,0.07125,0.02015625
GCN,5,224,0.0689453125,0.0209375
GCN,5,225,0.0693359375,0.02171875
GCN,5,226,0.07109375,0.02140625
GCN,5,227,0.0711328125,0.0209375
GCN,5,228,0.070390625,0.0203125
GCN,5,229,0.07265625,0.0215625
GCN,5,230,0.0719921875,0.01875
GCN,5,231,0.07265625,0.0190625
GCN,5,232,0.073046875,0.01828125
GCN,5,233,0.0730078125,0.01984375
GCN,5,234,0.0725390625,0.0184375
GCN,5,235,0.073984375,0.02015625
GCN,5,236,0.073046875,0.018125
GCN,5,237,0.0746875,0.020625
GCN,5,238,0.0746484375,0.019375
GCN,5,239,0.0748046875,0.01875
GCN,5,240,0.0729296875,0.01921875
GCN,5,241,0.0744921875,0.023125
GCN,5,242,0.0762109375,0.02078125
GCN,5,243,0.0758203125,0.02109375
GCN,5,244,0.076796875,0.02140625
GCN,5,245,0.075859375,0.02109375
GCN,5,246,0.0778515625,0.0184375
GCN,5,247,0.0783984375,0.0178125
GCN,5,248,0.078359375,0.02109375
GCN,5,249,0.0775390625,0.02
GCN,5,250,0.07734375,0.01984375
GCN,5,251,0.0794921875,0.01890625
GCN,5,252,0.079140625,0.0221875
GCN,5,253,0.0805859375,0.016875
GCN,5,254,0.07921875,0.0203125
GCN,5,255,0.0801953125,0.0184375
GCN,5,256,0.0808984375,0.01921875
GCN,5,257,0.08015625,0.01875
GCN,5,258,0.0811328125,0.01796875
GCN,5,259,0.0801953125,0.02140625
GCN,5,260,0.079921875,0.0203125
GCN,5,261,0.081484375,0.02078125
GCN,5,262,0.0798828125,0.02109375
GCN,5,263,0.0816796875,0.0215625
GCN,5,264,0.0816796875,0.0184375
GCN,5,265,0.08328125,0.02
GCN,5,266,0.0830859375,0.019375
GCN,5,267,0.0832421875,0.01859375
GCN,5,268,0.0823046875,0.01796875
GCN,5,269,0.0813671875,0.0178125
GCN,5,270,0.083046875,0.01875
GCN,5,271,0.08375,0.019375
GCN,5,272,0.0848046875,0.02078125
GCN,5,273,0.0851953125,0.0215625
GCN,5,274,0.0853125,0.020625
GCN,5,275,0.0865625,0.01828125
GCN,5,276,0.086796875,0.01765625
GCN,5,277,0.08796875,0.02078125
GCN,5,278,0.0862890625,0.01828125
GCN,5,279,0.0888671875,0.01890625
GCN,5,280,0.08640625,0.01875
GCN,5,281,0.0877734375,0.02140625
GCN,5,282,0.088828125,0.02125
GCN,5,283,0.0886328125,0.01734375
GCN,5,284,0.09046875,0.01859375
GCN,5,285,0.0890625,0.02125
GCN,5,286,0.0913671875,0.01921875
GCN,5,287,0.090859375,0.0196875
GCN,5,288,0.0891015625,0.018125
GCN,5,289,0.090703125,0.020625
GCN,5,290,0.091796875,0.02015625
GCN,5,291,0.0908984375,0.01953125
GCN,5,292,0.0913671875,0.0209375
GCN,5,293,0.0922265625,0.0215625
GCN,5,294,0.092265625,0.01890625
GCN,5,295,0.091875,0.02015625
GCN,5,296,0.0922265625,0.019375
GCN,5,297,0.0933984375,0.01921875
GCN,5,298,0.09390625,0.01953125
GCN,5,299,0.094609375,0.0175
GCN,5,300,0.0916796875,0.01953125
GIN,5,1,0.028125,0.02875
GIN,5,2,0.0309375,0.03078125
GIN,5,3,0.0287109375,0.0296875
GIN,5,4,0.0291796875,0.02765625
GIN,5,5,0.0289453125,0.03265625
GIN,5,6,0.027421875,0.02859375
GIN,5,7,0.0284765625,0.03
GIN,5,8,0.0289453125,0.03109375
GIN,5,9,0.0301171875,0.0271875
GIN,5,10,0.0286328125,0.02921875
GIN,5,11,0.0285546875,0.0296875
GIN,5,12,0.0287890625,0.03109375
GIN,5,13,0.0303125,0.03109375
GIN,5,14,0.0298828125,0.0315625
GIN,5,15,0.0293359375,0.03125
GIN,5,16,0.031328125,0.02984375
GIN,5,17,0.0299609375,0.03046875
GIN,5,18,0.030234375,0.0315625
GIN,5,19,0.0293359375,0.03125
GIN,5,20,0.0287109375,0.030625
GIN,5,21,0.028359375,0.03125
GIN,5,22,0.028671875,0.03125
GIN,5,23,0.0282421875,0.03125
GIN,5,24,0.0276171875,0.03125
GIN,5,25,0.0275390625,0.03125
GIN,5,26,0.0276953125,0.03125
GIN,5,27,0.0272265625,0.03125
GIN,5,28,0.02765625,0.03125
GIN,5,29,0.0295703125,0.03125
GIN,5,30,0.028046875,0.03125
GIN,5,31,0.030078125,0.03125
GIN,5,32,0.0283984375,0.03125
GIN,5,33,0.028359375,0.03125
GIN,5,34,0.0303515625,0.0309375
GIN,5,35,0.02953125,0.03125
GIN,5,36,0.028828125,0.03125
GIN,5,37,0.0294921875,0.03125
GIN,5,38,0.0283984375,0.03125
GIN,5,39,0.0294921875,0.03125
GIN,5,40,0.029375,0.03125
GIN,5,41,0.026328125,0.03125
GIN,5,42,0.02796875,0.03125
GIN,5,43,0.028515625,0.03125
GIN,5,44,0.0280078125,0.03125
GIN,5,45,0.0283203125,0.03125
GIN,5,46,0.028359375,0.03125
GIN,5,47,0.027890625,0.03125
GIN,5,48,0.0284765625,0.03125
GIN,5,49,0.028125,0.03125
GIN,5,50,0.0284375,0.03125
GIN,5,51,0.0291015625,0.03125
GIN,5,52,0.02875,0.03125
GIN,5,53,0.028828125,0.03125
GIN,5,54,0.0275390625,0.03125
GIN,5,55,0.0300390625,0.03125
GIN,5,56,0.02875,0.03125
GIN,5,57,0.0283203125,0.03125
GIN,5,58,0.02890625,0.03125
GIN,5,59,0.0290625,0.03125
GIN,5,60,0.028203125,0.03125
GIN,5,61,0.028203125,0.03125
GIN,5,62,0.028125,0.03125
GIN,5,63,0.029375,0.03125
GIN,5,64,0.0290625,0.03125
GIN,5,65,0.02890625,0.03125
GIN,5,66,0.0285546875,0.03125
GIN,5,67,0.0279296875,0.03125
GIN,5,68,0.027578125,0.03125
GIN,5,69,0.0298046875,0.03125
GIN,5,70,0.0278125,0.03125
GIN,5,71,0.0286328125,0.03125
GIN,5,72,0.02984375,0.03125
GIN,5,73,0.030546875,0.03125
GIN,5,74,0.028203125,0.03125
GIN,5,75,0.029375,0.03125
GIN,5,76,0.029296875,0.03125
GIN,5,77,0.027734375,0.03125
GIN,5,78,0.0284375,0.03125
GIN,5,79,0.0284765625,0.03125
GIN,5,80,0.02890625,0.03125
GIN,5,81,0.027578125,0.03125
GIN,5,82,0.0284375,0.03125
GIN,5,83,0.028515625,0.03125
GIN,5,84,0.0284375,0.03125
GIN,5,85,0.026953125,0.03125
GIN,5,86,0.0295703125,0.03125
GIN,5,87,0.027734375,0.03125
GIN,5,88,0.0283984375,0.03125
GIN,5,89,0.0274609375,0.03125
GIN,5,90,0.0294921875,0.03125
GIN,5,91,0.0292578125,0.03125
GIN,5,92,0.0290625,0.03125
GIN,5,93,0.0261328125,0.03125
GIN,5,94,0.028203125,0.03125
GIN,5,95,0.0284765625,0.03125
GIN,5,96,0.028984375,0.03125
GIN,5,97,0.0280859375,0.03125
GIN,5,98,0.02875,0.03125
GIN,5,99,0.03,0.03125
GIN,5,100,0.0273046875,0.03125
GIN,5,101,0.0294921875,0.03125
GIN,5,102,0.0304296875,0.03125
GIN,5,103,0.0286328125,0.03125
GIN,5,104,0.0290625,0.03125
GIN,5,105,0.0271484375,0.03125
GIN,5,106,0.030390625,0.03125
GIN,5,107,0.026875,0.03125
GIN,5,108,0.0272265625,0.03125
GIN,5,109,0.0301953125,0.03125
GIN,5,110,0.027265625,0.03125
GIN,5,111,0.028515625,0.03125
GIN,5,112,0.0281640625,0.03125
GIN,5,113,0.029609375,0.03125
GIN,5,114,0.0289453125,0.03125
GIN,5,115,0.0291796875,0.03125
GIN,5,116,0.0284375,0.03125
GIN,5,117,0.027890625,0.03125
GIN,5,118,0.028125,0.03125
GIN,5,119,0.02921875,0.03125
GIN,5,120,0.0280859375,0.03125
GIN,5,121,0.0275390625,0.03125
GIN,5,122,0.0289453125,0.03125
GIN,5,123,0.0299609375,0.03125
GIN,5,124,0.0294140625,0.03125
GIN,5,125,0.0277734375,0.03125
GIN,5,126,0.0290234375,0.03125
GIN,5,127,0.027578125,0.03125
GIN,5,128,0.028828125,0.03125
GIN,5,129,0.02984375,0.03125
GIN,5,130,0.028515625,0.03125
GIN,5,131,0.0278515625,0.03125
GIN,5,132,0.0303515625,0.03125
GIN,5,133,0.0307421875,0.03125
GIN,5,134,0.028828125,0.03125
GIN,5,135,0.02953125,0.03125
GIN,5,136,0.027890625,0.03125
GIN,5,137,0.0285546875,0.03125
GIN,5,138,0.02765625,0.03125
GIN,5,139,0.02953125,0.03125
GIN,5,140,0.028515625,0.03125
GIN,5,141,0.028359375,0.03125
GIN,5,142,0.0278515625,0.03125
GIN,5,143,0.029453125,0.03125
GIN,5,144,0.0294140625,0.03125
GIN,5,145,0.027421875,0.03125
GIN,5,146,0.030078125,0.03125
GIN,5,147,0.0287890625,0.03125
GIN,5,148,0.0292578125,0.03125
GIN,5,149,0.0284375,0.03125
GIN,5,150,0.0290625,0.03125
GIN,5,151,0.0290234375,0.03125
GIN,5,152,0.0281640625,0.03125
GIN,5,153,0.0292578125,0.03125
GIN,5,154,0.0298046875,0.03125
GIN,5,155,0.0268359375,0.03125
GIN,5,156,0.0283984375,0.03125
GIN,5,157,0.0291796875,0.03125
GIN,5,158,0.028359375,0.03125
GIN,5,159,0.0298828125,0.03125
GIN,5,160,0.0284765625,0.03125
GIN,5,161,0.028828125,0.03125
GIN,5,162,0.029921875,0.03125
GIN,5,163,0.029140625,0.03125
GIN,5,164,0.0288671875,0.03125
GIN,5,165,0.0281640625,0.03125
GIN,5,166,0.026953125,0.03125
GIN,5,167,0.028359375,0.03125
GIN,5,168,0.0279296875,0.03125
GIN,5,169,0.02921875,0.03125
GIN,5,170,0.028203125,0.03125
GIN,5,171,0.0283203125,0.03125
GIN,5,172,0.0283984375,0.03125
GIN,5,173,0.0276953125,0.03125
GIN,5,174,0.027890625,0.03125
GIN,5,175,0.0285546875,0.03125
GIN,5,176,0.0289453125,0.03125
GIN,5,177,0.028046875,0.03125
GIN,5,178,0.0283203125,0.03125
GIN,5,179,0.0290234375,0.03125
GIN,5,180,0.0298046875,0.03125
GIN,5,181,0.029609375,0.03125
GIN,5,182,0.029453125,0.03125
GIN,5,183,0.0289453125,0.03125
GIN,5,184,0.0292578125,0.03125
GIN,5,185,0.0277734375,0.03125
GIN,5,186,0.028671875,0.03125
GIN,5,187,0.030078125,0.03125
GIN,5,188,0.0290625,0.03125
GIN,5,189,0.026796875,0.03125
GIN,5,190,0.0296875,0.03125
GIN,5,191,0.028046875,0.03125
GIN,5,192,0.029375,0.03125
GIN,5,193,0.02609375,0.03125
GIN,5,194,0.0277734375,0.03125
GIN,5,195,0.0285546875,0.03125
GIN,5,196,0.0285546875,0.03125
GIN,5,197,0.0287109375,0.03125
GIN,5,198,0.0291015625,0.03125
GIN,5,199,0.027109375,0.03125
GIN,5,200,0.028125,0.03125
GIN,5,201,0.029140625,0.03125
GIN,5,202,0.0283203125,0.03125
GIN,5,203,0.0278125,0.03125
GIN,5,204,0.0283984375,0.03125
GIN,5,205,0.03109375,0.03125
GIN,5,206,0.02953125,0.03125
GIN,5,207,0.027890625,0.03125
GIN,5,208,0.0274609375,0.03125
GIN,5,209,0.0280078125,0.03125
GIN,5,210,0.0287890625,0.03125
GIN,5,211,0.0273828125,0.03125
GIN,5,212,0.0274609375,0.03125
GIN,5,213,0.0286328125,0.03125
GIN,5,214,0.0295703125,0.03125
GIN,5,215,0.029609375,0.03125
GIN,5,216,0.028984375,0.03125
GIN,5,217,0.028359375,0.03125
GIN,5,218,0.02796875,0.03125
GIN,5,219,0.02796875,0.03125
GIN,5,220,0.02796875,0.03125
GIN,5,221,0.028984375,0.03125
GIN,5,222,0.0273828125,0.03125
GIN,5,223,0.028828125,0.03125
GIN,5,224,0.0290234375,0.03125
GIN,5,225,0.0285546875,0.03125
GIN,5,226,0.029140625,0.03125
GIN,5,227,0.0282421875,0.03125
GIN,5,228,0.028203125,0.03125
GIN,5,229,0.028828125,0.03125
GIN,5,230,0.0266015625,0.03125
GIN,5,231,0.02953125,0.03125
GIN,5,232,0.02734375,0.03125
GIN,5,233,0.02796875,0.03125
GIN,5,234,0.0294921875,0.03125
GIN,5,235,0.028125,0.03125
GIN,5,236,0.026953125,0.03125
GIN,5,237,0.028046875,0.03125
GIN,5,238,0.0276953125,0.03125
GIN,5,239,0.02875,0.03125
GIN,5,240,0.028828125,0.03125
GIN,5,241,0.02859375,0.03125
GIN,5,242,0.0286328125,0.03125
GIN,5,243,0.0290625,0.03125
GIN,5,244,0.0292578125,0.03125
GIN,5,245,0.029609375,0.03125
GIN,5,246,0.0288671875,0.03125
GIN,5,247,0.028515625,0.03125
GIN,5,248,0.02828125,0.03125
GIN,5,249,0.02765625,0.03125
GIN,5,250,0.0281640625,0.03125
GIN,5,251,0.0282421875,0.03125
GIN,5,252,0.0276953125,0.03125
GIN,5,253,0.027890625,0.03125
GIN,5,254,0.0292578125,0.03125
GIN,5,255,0.0273828125,0.03125
GIN,5,256,0.0280078125,0.03125
GIN,5,257,0.02828125,0.03125
GIN,5,258,0.029453125,0.03125
GIN,5,259,0.0281640625,0.03125
GIN,5,260,0.0290625,0.03125
GIN,5,261,0.02921875,0.03125
GIN,5,262,0.0287890625,0.03125
GIN,5,263,0.029375,0.03125
GIN,5,264,0.029375,0.03125
GIN,5,265,0.0294140625,0.03125
GIN,5,266,0.0298828125,0.03125
GIN,5,267,0.0287109375,0.03125
GIN,5,268,0.02796875,0.03125
GIN,5,269,0.0280859375,0.03125
GIN,5,270,0.0277734375,0.03125
GIN,5,271,0.0301953125,0.03125
GIN,5,272,0.0283203125,0.03125
GIN,5,273,0.0288671875,0.03125
GIN,5,274,0.0282421875,0.03125
GIN,5,275,0.0284375,0.03125
GIN,5,276,0.029296875,0.03125
GIN,5,277,0.02890625,0.03125
GIN,5,278,0.030234375,0.03125
GIN,5,279,0.02765625,0.03125
GIN,5,280,0.0297265625,0.03125
GIN,5,281,0.0289453125,0.03125
GIN,5,282,0.0291015625,0.03125
GIN,5,283,0.0278515625,0.03125
GIN,5,284,0.0290625,0.03125
GIN,5,285,0.02734375,0.03125
GIN,5,286,0.02828125,0.03125
GIN,5,287,0.0278515625,0.03125
GIN,5,288,0.0280078125,0.03125
GIN,5,289,0.029375,0.03125
GIN,5,290,0.0297265625,0.03125
GIN,5,291,0.028828125,0.03125
GIN,5,292,0.02984375,0.03125
GIN,5,293,0.0281640625,0.03125
GIN,5,294,0.028671875,0.03125
GIN,5,295,0.027265625,0.03125
GIN,5,296,0.0286328125,0.03125
GIN,5,297,0.028828125,0.03125
GIN,5,298,0.0286328125,0.03125
GIN,5,299,0.02890625,0.03125
GIN,5,300,0.0281640625,0.03125
